Workbook
Name d8d59fd6: area!$A$12
Name i1f244f1: area!$A$93
Name j153b7e5: area!$A$69
Name rf7639e5: area!$A$32
Name v4bdaae4: area!$A$84
Name xf5ffb76: area!$A$57
Name yfd8a144: area!$A$110

Sheet char
A1: id | B1: name | C1: height | D1: type | E1: school
A2: 0 | B2: 童子切安綱 剥落 | C2: 178 | D2: 太刀
A3: 3 | B3: 三日月宗近 | C3: 180 | D3: 太刀 | E3: 三条
A4: 5 | B4: 小狐丸 | C4: 188 | D4: 太刀 | E4: 三条
A5: 7 | B5: 石切丸 | C5: 189 | D5: 大太刀 | E5: 三条
A6: 9 | B6: 岩融 | C6: 203 | D6: 薙刀 | E6: 三条
A7: 11 | B7: 今剣 | C7: 123 | D7: 短刀 | E7: 三条
A8: 13 | B8: 大典太光世 | C8: 190 | D8: 太刀 | E8: 三池
A9: 15 | B9: ソハヤノツルキ | C9: 178 | D9: 太刀 | E9: 三池
A10: 17 | B10: 数珠丸恒次 | C10: 181 | D10: 太刀 | E10: 青江
A11: 19 | B11: にっかり青江 | C11: 167 | D11: 脇差 | E11: 青江
A12: 21 | B12: 鬼丸国綱 | C12: 193 | D12: 太刀 | E12: 粟田口
A13: 23 | B13: 鳴狐 | C13: 164 | D13: 打刀 | E13: 粟田口
A14: 25 | B14: 一期一振 | C14: 177 | D14: 太刀 | E14: 粟田口
... A43: 83 | B43: 小夜左文字 | C43: 118 | D43: 短刀 | E43: 左文字
A44: 85 | B44: 加州清光 | C44: 165 | D44: 打刀
A45: 87 | B45: 大和守安定 | C45: 165 | D45: 打刀
A46: 89 | B46: 歌仙兼定 | C46: 175 | D46: 打刀 | E46: 兼定
A47: 91 | B47: 和泉守兼定 | C47: 186 | D47: 打刀 | E47: 兼定
A48: 93 | B48: 陸奥守吉行 | C48: 174 | D48: 打刀
A49: 95 | B49: 山姥切国広 | C49: 172 | D49: 打刀 | E49: 国広
A50: 97 | B50: 山伏国広 | C50: 188 | D50: 太刀 | E50: 国広
A51: 99 | B51: 堀川国広 | C51: 160 | D51: 脇差 | E51: 国広
A52: 101 | B52: 蜂須賀虎徹 | C52: 176 | D52: 打刀 | E52: 虎徹
A53: 103 | B53: 浦島虎徹 | C53: 157 | D53: 脇差 | E53: 虎徹
A54: 105 | B54: 長曽祢虎徹 | C54: 187 | D54: 打刀 | E54: 虎徹…？
A55: 107 | B55: 髭切 | C55: 178 | D55: 太刀
A56: 112 | B56: 膝丸 | C56: 179 | D56: 太刀
A57: 116 | B57: 大倶利伽羅 | C57: 175 | D57: 打刀 | E57: 広光
A58: 118 | B58: へし切長谷部 | C58: 178 | D58: 打刀
A59: 120 | B59: 不動行光 | C59: 154 | D59: 短刀
A60: 122 | B60: 獅子王 | C60: 166 | D60: 太刀
A61: 124 | B61: 小烏丸 | C61: 155 | D61: 太刀
A62: 126 | B62: 抜丸 | C62: 157 | D62: 太刀
A63: 128 | B63: 同田貫正国 | C63: 169 | D63: 打刀
A64: 130 | B64: 鶴丸国永 | C64: 177 | D64: 太刀
A65: 132 | B65: 太郎太刀 | C65: 196 | D65: 大太刀
A66: 134 | B66: 次郎太刀 | C66: 190 | D66: 大太刀
A67: 136 | B67: 日本号 | C67: 195 | D67: 槍
A68: 138 | B68: 御手杵 | C68: 192 | D68: 槍
A69: 140 | B69: 巴形薙刀 | C69: 193 | D69: 薙刀
A70: 142 | B70: 毛利藤四郎 | C70: 132 | D70: 短刀 | E70: 粟田口
A71: 144 | B71: 篭手切江 | C71: 161 | D71: 脇差 | E71: 江
A72: 146 | B72: 謙信景光 | C72: 131 | D72: 短刀 | E72: 長船
A73: 148 | B73: 小豆長光 | C73: 188 | D73: 太刀 | E73: 長船
A74: 150 | B74: 日向正宗 | C74: 144 | D74: 短刀 | E74: 正宗
A75: 152 | B75: 静形薙刀 | C75: 195 | D75: 薙刀
A76: 154 | B76: 南泉一文字 | C76: 174 | D76: 打刀 | E76: 福岡一文字
A77: 156 | B77: 千代金丸 | C77: 176 | D77: 太刀
A78: 158 | B78: 山姥切長義 | C78: 173 | D78: 打刀
A79: 160 | B79: 豊前江 | C79: 178 | D79: 打刀 | E79: 江
A80: 162 | B80: 祢々切丸 | C80: 205 | D80: 大太刀
A81: 164 | B81: 白山吉光 | C81: 154 | D81: 剣 | E81: 粟田口
A82: 166 | B82: 南海太郎朝尊 | C82: 179 | D82: 打刀
A83: 168 | B83: 肥前忠弘 | C83: 167 | D83: 脇差
A84: 170 | B84: 北谷菜切 | C84: 123 | D84: 短刀
A85: 172 | B85: 桑名江 | C85: 180 | D85: 打刀 | E85: 江
A86: 174 | B86: 水心子正秀 | C86: 166 | D86: 打刀
A87: 176 | B87: 源清麿 | C87: 169 | D87: 打刀
A88: 178 | B88: 松井江 | C88: 176 | D88: 打刀 | E88: 江
A89: 180 | B89: 山鳥毛 | C89: 189 | D89: 太刀 | E89: 福岡一文字
A90: 182 | B90: 古今伝授の太刀 | C90: 177 | D90: 太刀
A91: 184 | B91: 地藏行平 | C91: 167 | D91: 打刀
A92: 186 | B92: 治金丸 | C92: 162 | D92: 脇差
A93: 188 | B93: 日光一文字 | C93: 194 | D93: 太刀 | E93: 福岡一文字
A94: 190 | B94: 太閤左文字 | C94: 136 | D94: 短刀 | E94: 左文字
A95: 192 | B95: 五月雨江 | C95: 175 | D95: 打刀 | E95: 江
A96: 194 | B96: 大千鳥十文字槍 | C96: 192 | D96: 槍
A97: 196 | B97: 泛塵 | C97: 161 | D97: 脇差
A98: 198 | B98: 一文字則宗 | C98: 171 | D98: 太刀 | E98: 福岡一文字
A99: 200 | B99: 村雲江 | C99: 177 | D99: 打刀 | E99: 江
A100: 202 | B100: 姫鶴一文字 | C100: 183 | D100: 太刀 | E100: 福岡一文字
A101: 204 | B101: 福島光忠 | C101: 188 | D101: 太刀 | E101: 長船
A102: 206 | B102: 七星剣 | C102: 170 | D102: 剣
A103: 208 | B103: 丙子椒林剣 | C103: 180 | D103: 剣
A104: 210 | B104: 稲葉江 | C104: 183 | D104: 打刀 | E104: 江
A105: 212 | B105: 笹貫 | C105: 177 | D105: 太刀 | E105: 波平
A106: 214 | B106: 人間無骨 | C106: 168 | D106: 槍 | E106: 兼定
A107: 216 | B107: 八丁念仏 | C107: 178 | D107: 太刀 | E107: 古備前
A108: 218 | B108: 石田正宗 | C108: 165 | D108: 打刀 | E108: 正宗
A109: 220 | B109: 実休光忠 | C109: 189 | D109: 太刀 | E109: 長船
A110: 222 | B110: 京極正宗 | C110: 146 | D110: 短刀 | E110: 正宗
A111: 224 | B111: 孫六兼元 | C111: 182 | D111: 打刀
A112: 226 | B112: 後家兼光 | C112: 187 | D112: 打刀 | E112: 長船
A113: 228 | B113: 火車切 | C113: 164 | D113: 脇差 | E113: 広光
A114: 230 | B114: 富田江 | C114: 185 | D114: 打刀 | E114: 江
A115: 232 | B115: 大慶直胤 | C115: 166 | D115: 打刀
A116: 234 | B116: 九鬼正宗 | C116: 149 | D116: 短刀 | E116: 正宗
A117: 236 | B117: 雲生 | C117: 182 | D117: 太刀 | E117: 鵜飼
A118: 238 | B118: 道誉一文字 | C118: 197 | D118: 太刀
A119: 240 | B119: 雲次 | C119: 180 | D119: 太刀 | E119: 鵜飼
A120: 242 | B120: 面影 | C120: 174 | D120: 太刀 | E120: 来
A121: 244 | B121: 古備前信房 | C121: 180 | D121: 太刀 | E121: 古備前
A122: 246 | B122: 倶利伽羅江 | C122: 154 | D122: 短刀 | E122: 江
A123: 248 | B123: 三郎国宗 | C123: 179 | D123: 太刀
A124: 250 | B124: 安宅切 | C124: 176 | D124: 打刀 | E124: 長船
A125: 252 | B125: 二筋樋貞宗 | C125: 185 | D125: 打刀 | E125: 貞宗
A126: 254 | B126: 雲重 | C126: 174 | D126: 打刀 | E126: 鵜飼
A127: 256 | B127: 柏太刀 | C127: 169 | D127: 大太刀
A128: 258 | B128: 波平行安 | C128: 177 | D128: 太刀 | E128: 波平
...

Sheet status_a
A1: id | B1: seizon | C1: dageki | D1: tosotsu | E1: kido | F1: syoryoku | G1: teisatsu | H1: inpei | I1: hissatsu
A2: 0 | B2: 55 | C2: 74 | D2: 70 | E2: 50 | F2: 50 | G2: 33 | H2: 34 | I2: 44
A3: 3 | B3: 63 | C3: 72 | D3: 72 | E3: 37 | F3: 55 | G3: 38 | H3: 35 | I3: 30
A4: 5 | B4: 58 | C4: 68 | D4: 69 | E4: 41 | F4: 53 | G4: 38 | H4: 30 | I4: 28
A5: 7 | B5: 72 | C5: 85 | D5: 68 | E5: 13 | F5: 61 | G5: 15 | H5: 23 | I5: 32
A6: 9 | B6: 60 | C6: 68 | D6: 51 | E6: 42 | F6: 61 | G6: 41 | H6: 35 | I6: 29
A7: 11 | B7: 33 | C7: 26 | D7: 38 | E7: 58 | F7: 31 | G7: 49 | H7: 40 | I7: 45
A8: 13 | B8: 70 | C8: 76 | D8: 70 | E8: 35 | F8: 52 | G8: 30 | H8: 27 | I8: 37
A9: 15 | B9: 61 | C9: 70 | D9: 72 | E9: 48 | F9: 49 | G9: 32 | H9: 31 | I9: 25
A10: 17 | B10: 71 | C10: 62 | D10: 78 | E10: 38 | F10: 52 | G10: 34 | H10: 30 | I10: 29
A11: 19 | B11: 39 | C11: 44 | D11: 46 | E11: 52 | F11: 41 | G11: 55 | H11: 45 | I11: 40
A12: 21 | B12: 64 | C12: 77 | D12: 67 | E12: 44 | F12: 54 | G12: 33 | H12: 30 | I12: 33
A13: 23 | B13: 48 | C13: 58 | D13: 50 | E13: 51 | F13: 53 | G13: 46 | H13: 41 | I13: 35
... A128: 258 | B128: 63 | C128: 73 | D128: 62 | E128: 49 | F128: 51 | G128: 31 | H128: 28 | I128: 36
A129: 260 | C129: 63 | D129: 76 | E129: 39 | F129: 47 | H129: 35 | I129: 28
A130: 262

Sheet status_b
A1: id | B1: seizon | C1: dageki | D1: tosotsu | E1: kido | F1: syoryoku | G1: teisatsu | H1: inpei | I1: hissatsu
A2: 4 | B2: 101 | C2: 129 | D2: 130 | E2: 67 | F2: 89 | G2: 66 | H2: 69 | I2: 69
A3: 6 | B3: 102 | C3: 125 | D3: 120 | E3: 69 | F3: 86 | G3: 70 | H3: 56 | I3: 72
A4: 8 | B4: 105 | C4: 145 | D4: 112 | E4: 26 | F4: 93 | G4: 46 | H4: 50 | I4: 72
A5: 10 | B5: 77 | C5: 125 | D5: 98 | E5: 57 | F5: 115 | G5: 58 | H5: 58 | I5: 90
A6: 12 | B6: 50 | C6: 80 | D6: 82 | E6: 142 | F6: 35 | G6: 120 | H6: 109 | I6: 60
A7: 14 | B7: 105 | C7: 138 | D7: 131 | E7: 61 | F7: 87 | G7: 57 | H7: 59 | I7: 84
A8: 16 | B8: 96 | C8: 127 | D8: 129 | E8: 68 | F8: 84 | G8: 58 | H8: 64 | I8: 70
A9: 18 | B9: 106 | C9: 123 | D9: 144 | E9: 60 | F9: 81 | G9: 69 | H9: 63 | I9: 70
A10: 20 | B10: 68 | C10: 92 | D10: 88 | E10: 76 | F10: 48 | G10: 119 | H10: 143 | I10: 55
A11: 22 | B11: 103 | C11: 140 | D11: 120 | E11: 70 | F11: 89 | G11: 64 | H11: 61 | I11: 76
A12: 24 | B12: 67 | C12: 103 | D12: 98 | E12: 66 | F12: 69 | G12: 90 | H12: 82 | I12: 77
A13: 26 | B13: 94 | C13: 129 | D13: 128 | E13: 57 | F13: 97 | G13: 68 | H13: 65 | I13: 68
... A86: 179 | B86: 68 | C86: 110 | D86: 98 | E86: 64 | F86: 66 | G86: 85 | H86: 79 | I86: 89
A87: 181 | B87: 95 | C87: 132 | D87: 145 | E87: 59 | F87: 81 | H87: 58 | I87: 78
A88: 187 | C88: 101 | D88: 86 | E88: 78 | F88: 55 | H88: 142 | I88: 66

Sheet story
A1: id | B1: name | C1: area | D1: biko | E1: charA | F1: charB | G1: charC | H1: charD | I1: charE | J1: charF
A2: 1 | B2: 土方の話 | C2: 1-1 | E2: =IFERROR(INDEX(char!$A:$A, MATCH(N2, char!$B:$B, 0)), "") -> 91 | F2: =IFERROR(INDEX(char!$A:$A, MATCH(O2, char!$B:$B, 0)), "") -> 99 | G2: =IFERROR(INDEX(char!$A:$A, MATCH(P2, char!$B:$B, 0)), "") | H2: =IFERROR(INDEX(char!$A:$A, MATCH(Q2, char!$B:$B, 0)), "") | I2: =IFERROR(INDEX(char!$A:$A, MATCH(R2, char!$B:$B, 0)), "") | J2: =IFERROR(INDEX(char!$A:$A, MATCH(S2, char!$B:$B, 0)), "") | N2: 和泉守兼定 | O2: 堀川国広
A3: 2 | B3: 沖田の話 | C3: 1-4 | E3: =IFERROR(INDEX(char!$A:$A, MATCH(N3, char!$B:$B, 0)), "") -> 85 | F3: =IFERROR(INDEX(char!$A:$A, MATCH(O3, char!$B:$B, 0)), "") -> 87 | G3: =IFERROR(INDEX(char!$A:$A, MATCH(P3, char!$B:$B, 0)), "") | H3: =IFERROR(INDEX(char!$A:$A, MATCH(Q3, char!$B:$B, 0)), "") | I3: =IFERROR(INDEX(char!$A:$A, MATCH(R3, char!$B:$B, 0)), "") | J3: =IFERROR(INDEX(char!$A:$A, MATCH(S3, char!$B:$B, 0)), "") | N3: 加州清光 | O3: 大和守安定
A4: 3 | B4: 太朗と次郎 | C4: 2-1 | E4: =IFERROR(INDEX(char!$A:$A, MATCH(N4, char!$B:$B, 0)), "") -> 132 | F4: =IFERROR(INDEX(char!$A:$A, MATCH(O4, char!$B:$B, 0)), "") -> 134 | G4: =IFERROR(INDEX(char!$A:$A, MATCH(P4, char!$B:$B, 0)), "") | H4: =IFERROR(INDEX(char!$A:$A, MATCH(Q4, char!$B:$B, 0)), "") | I4: =IFERROR(INDEX(char!$A:$A, MATCH(R4, char!$B:$B, 0)), "") | J4: =IFERROR(INDEX(char!$A:$A, MATCH(S4, char!$B:$B, 0)), "") | N4: 太郎太刀 | O4: 次郎太刀
A5: 4 | B5: 無用の長物 | C5: 2-2 | E5: =IFERROR(INDEX(char!$A:$A, MATCH(N5, char!$B:$B, 0)), "") -> 128 | F5: =IFERROR(INDEX(char!$A:$A, MATCH(O5, char!$B:$B, 0)), "") -> 138 | G5: =IFERROR(INDEX(char!$A:$A, MATCH(P5, char!$B:$B, 0)), "") | H5: =IFERROR(INDEX(char!$A:$A, MATCH(Q5, char!$B:$B, 0)), "") | I5: =IFERROR(INDEX(char!$A:$A, MATCH(R5, char!$B:$B, 0)), "") | J5: =IFERROR(INDEX(char!$A:$A, MATCH(S5, char!$B:$B, 0)), "") | N5: 同田貫正国 | O5: 御手杵
A6: 5 | B6: 悲しみの剣たち | C6: 2-4 | E6: =IFERROR(INDEX(char!$A:$A, MATCH(N6, char!$B:$B, 0)), "") -> 25 | F6: =IFERROR(INDEX(char!$A:$A, MATCH(O6, char!$B:$B, 0)), "") -> 27 | G6: =IFERROR(INDEX(char!$A:$A, MATCH(P6, char!$B:$B, 0)), "") | H6: =IFERROR(INDEX(char!$A:$A, MATCH(Q6, char!$B:$B, 0)), "") | I6: =IFERROR(INDEX(char!$A:$A, MATCH(R6, char!$B:$B, 0)), "") | J6: =IFERROR(INDEX(char!$A:$A, MATCH(S6, char!$B:$B, 0)), "") | N6: 一期一振 | O6: 鯰尾藤四郎
A7: 6 | B7: 安土の名工 | C7: 3-4 | E7: =IFERROR(INDEX(char!$A:$A, MATCH(N7, char!$B:$B, 0)), "") -> 95 | F7: =IFERROR(INDEX(char!$A:$A, MATCH(O7, char!$B:$B, 0)), "") -> 97 | G7: =IFERROR(INDEX(char!$A:$A, MATCH(P7, char!$B:$B, 0)), "") | H7: =IFERROR(INDEX(char!$A:$A, MATCH(Q7, char!$B:$B, 0)), "") | I7: =IFERROR(INDEX(char!$A:$A, MATCH(R7, char!$B:$B, 0)), "") | J7: =IFERROR(INDEX(char!$A:$A, MATCH(S7, char!$B:$B, 0)), "") | N7: 山姥切国広 | O7: 山伏国広
A8: 7 | B8: 今川の剣 | C8: 4-3 | E8: =IFERROR(INDEX(char!$A:$A, MATCH(N8, char!$B:$B, 0)), "") -> 79 | F8: =IFERROR(INDEX(char!$A:$A, MATCH(O8, char!$B:$B, 0)), "") -> 81 | G8: =IFERROR(INDEX(char!$A:$A, MATCH(P8, char!$B:$B, 0)), "") | H8: =IFERROR(INDEX(char!$A:$A, MATCH(Q8, char!$B:$B, 0)), "") | I8: =IFERROR(INDEX(char!$A:$A, MATCH(R8, char!$B:$B, 0)), "") | J8: =IFERROR(INDEX(char!$A:$A, MATCH(S8, char!$B:$B, 0)), "") | N8: 江雪左文字 | O8: 宗三左文字
A9: 8 | B9: 義経の話 | C9: 5-4 | E9: =IFERROR(INDEX(char!$A:$A, MATCH(N9, char!$B:$B, 0)), "") -> 9 | F9: =IFERROR(INDEX(char!$A:$A, MATCH(O9, char!$B:$B, 0)), "") -> 11 | G9: =IFERROR(INDEX(char!$A:$A, MATCH(P9, char!$B:$B, 0)), "") | H9: =IFERROR(INDEX(char!$A:$A, MATCH(Q9, char!$B:$B, 0)), "") | I9: =IFERROR(INDEX(char!$A:$A, MATCH(R9, char!$B:$B, 0)), "") | J9: =IFERROR(INDEX(char!$A:$A, MATCH(S9, char!$B:$B, 0)), "") | N9: 岩融 | O9: 今剣
A10: 9 | B10: 神剣までの道 | E10: =IFERROR(INDEX(char!$A:$A, MATCH(N10, char!$B:$B, 0)), "") -> 7 | F10: =IFERROR(INDEX(char!$A:$A, MATCH(O10, char!$B:$B, 0)), "") -> 19 | G10: =IFERROR(INDEX(char!$A:$A, MATCH(P10, char!$B:$B, 0)), "") | H10: =IFERROR(INDEX(char!$A:$A, MATCH(Q10, char!$B:$B, 0)), "") | I10: =IFERROR(INDEX(char!$A:$A, MATCH(R10, char!$B:$B, 0)), "") | J10: =IFERROR(INDEX(char!$A:$A, MATCH(S10, char!$B:$B, 0)), "") | N10: 石切丸 | O10: にっかり青江
A11: 10 | B11: 藤四郎だらけなのは | E11: =IFERROR(INDEX(char!$A:$A, MATCH(N11, char!$B:$B, 0)), "") -> 33 | F11: =IFERROR(INDEX(char!$A:$A, MATCH(O11, char!$B:$B, 0)), "") -> 47 | G11: =IFERROR(INDEX(char!$A:$A, MATCH(P11, char!$B:$B, 0)), "") | H11: =IFERROR(INDEX(char!$A:$A, MATCH(Q11, char!$B:$B, 0)), "") | I11: =IFERROR(INDEX(char!$A:$A, MATCH(R11, char!$B:$B, 0)), "") | J11: =IFERROR(INDEX(char!$A:$A, MATCH(S11, char!$B:$B, 0)), "") | N11: 厚藤四郎 | O11: 五虎退
A12: 11 | B12: 来派の話 | E12: =IFERROR(INDEX(char!$A:$A, MATCH(N12, char!$B:$B, 0)), "") -> 59 | F12: =IFERROR(INDEX(char!$A:$A, MATCH(O12, char!$B:$B, 0)), "") -> 61 | G12: =IFERROR(INDEX(char!$A:$A, MATCH(P12, char!$B:$B, 0)), "") | H12: =IFERROR(INDEX(char!$A:$A, MATCH(Q12, char!$B:$B, 0)), "") | I12: =IFERROR(INDEX(char!$A:$A, MATCH(R12, char!$B:$B, 0)), "") | J12: =IFERROR(INDEX(char!$A:$A, MATCH(S12, char!$B:$B, 0)), "") | N12: 蛍丸 | O12: 愛染国俊
A13: 12 | B13: 足利家の話 | E13: =IFERROR(INDEX(char!$A:$A, MATCH(N13, char!$B:$B, 0)), "") -> 3 | F13: =IFERROR(INDEX(char!$A:$A, MATCH(O13, char!$B:$B, 0)), "") -> 29 | G13: =IFERROR(INDEX(char!$A:$A, MATCH(P13, char!$B:$B, 0)), "") | H13: =IFERROR(INDEX(char!$A:$A, MATCH(Q13, char!$B:$B, 0)), "") | I13: =IFERROR(INDEX(char!$A:$A, MATCH(R13, char!$B:$B, 0)), "") | J13: =IFERROR(INDEX(char!$A:$A, MATCH(S13, char!$B:$B, 0)), "") | N13: 三日月宗近 | O13: 骨喰藤四郎
A14: 13 | B14: 狐の話 | E14: =IFERROR(INDEX(char!$A:$A, MATCH(N14, char!$B:$B, 0)), "") -> 5 | F14: =IFERROR(INDEX(char!$A:$A, MATCH(O14, char!$B:$B, 0)), "") -> 23 | G14: =IFERROR(INDEX(char!$A:$A, MATCH(P14, char!$B:$B, 0)), "") | H14: =IFERROR(INDEX(char!$A:$A, MATCH(Q14, char!$B:$B, 0)), "") | I14: =IFERROR(INDEX(char!$A:$A, MATCH(R14, char!$B:$B, 0)), "") | J14: =IFERROR(INDEX(char!$A:$A, MATCH(S14, char!$B:$B, 0)), "") | N14: 小狐丸 | O14: 鳴狐
A15: 14 | B15: 近藤VS龍馬 | C15: 1-4 | E15: =IFERROR(INDEX(char!$A:$A, MATCH(N15, char!$B:$B, 0)), "") -> 93 | F15: =IFERROR(INDEX(char!$A:$A, MATCH(O15, char!$B:$B, 0)), "") -> 105 | G15: =IFERROR(INDEX(char!$A:$A, MATCH(P15, char!$B:$B, 0)), "") | H15: =IFERROR(INDEX(char!$A:$A, MATCH(Q15, char!$B:$B, 0)), "") | I15: =IFERROR(INDEX(char!$A:$A, MATCH(R15, char!$B:$B, 0)), "") | J15: =IFERROR(INDEX(char!$A:$A, MATCH(S15, char!$B:$B, 0)), "") | N15: 陸奥守吉行 | O15: 長曽祢虎徹
A16: 15 | B16: 池田屋事件 市中 | C16: 6-1 | E16: =IFERROR(INDEX(char!$A:$A, MATCH(N16, char!$B:$B, 0)), "") -> 91 | F16: =IFERROR(INDEX(char!$A:$A, MATCH(O16, char!$B:$B, 0)), "") -> 99 | G16: =IFERROR(INDEX(char!$A:$A, MATCH(P16, char!$B:$B, 0)), "") -> 105 | H16: =IFERROR(INDEX(char!$A:$A, MATCH(Q16, char!$B:$B, 0)), "") | I16: =IFERROR(INDEX(char!$A:$A, MATCH(R16, char!$B:$B, 0)), "") | J16: =IFERROR(INDEX(char!$A:$A, MATCH(S16, char!$B:$B, 0)), "") | N16: 和泉守兼定 | O16: 堀川国広 | P16: 長曽祢虎徹
A17: 16 | B17: 池田屋事件 大橋にて | C17: 6-2 | E17: =IFERROR(INDEX(char!$A:$A, MATCH(N17, char!$B:$B, 0)), "") -> 87 | F17: =IFERROR(INDEX(char!$A:$A, MATCH(O17, char!$B:$B, 0)), "") -> 91 | G17: =IFERROR(INDEX(char!$A:$A, MATCH(P17, char!$B:$B, 0)), "") | H17: =IFERROR(INDEX(char!$A:$A, MATCH(Q17, char!$B:$B, 0)), "") | I17: =IFERROR(INDEX(char!$A:$A, MATCH(R17, char!$B:$B, 0)), "") | J17: =IFERROR(INDEX(char!$A:$A, MATCH(S17, char!$B:$B, 0)), "") | N17: 大和守安定 | O17: 和泉守兼定
A18: 17 | B18: 池田屋事件 突入 | C18: 6-3 | E18: =IFERROR(INDEX(char!$A:$A, MATCH(N18, char!$B:$B, 0)), "") -> 85 | F18: =IFERROR(INDEX(char!$A:$A, MATCH(O18, char!$B:$B, 0)), "") -> 87 | G18: =IFERROR(INDEX(char!$A:$A, MATCH(P18, char!$B:$B, 0)), "") | H18: =IFERROR(INDEX(char!$A:$A, MATCH(Q18, char!$B:$B, 0)), "") | I18: =IFERROR(INDEX(char!$A:$A, MATCH(R18, char!$B:$B, 0)), "") | J18: =IFERROR(INDEX(char!$A:$A, MATCH(S18, char!$B:$B, 0)), "") | N18: 加州清光 | O18: 大和守安定
A19: 18 | B19: 池田屋事件 裏庭へ | C19: 6-4 | E19: =IFERROR(INDEX(char!$A:$A, MATCH(N19, char!$B:$B, 0)), "") -> 85 | F19: =IFERROR(INDEX(char!$A:$A, MATCH(O19, char!$B:$B, 0)), "") -> 105 | G19: =IFERROR(INDEX(char!$A:$A, MATCH(P19, char!$B:$B, 0)), "") | H19: =IFERROR(INDEX(char!$A:$A, MATCH(Q19, char!$B:$B, 0)), "") | I19: =IFERROR(INDEX(char!$A:$A, MATCH(R19, char!$B:$B, 0)), "") | J19: =IFERROR(INDEX(char!$A:$A, MATCH(S19, char!$B:$B, 0)), "") | N19: 加州清光 | O19: 長曽祢虎徹
A20: 19 | B20: 博多の話 | C20: 5-2 | E20: =IFERROR(INDEX(char!$A:$A, MATCH(N20, char!$B:$B, 0)), "") -> 43 | F20: =IFERROR(INDEX(char!$A:$A, MATCH(O20, char!$B:$B, 0)), "") -> 136 | G20: =IFERROR(INDEX(char!$A:$A, MATCH(P20, char!$B:$B, 0)), "") | H20: =IFERROR(INDEX(char!$A:$A, MATCH(Q20, char!$B:$B, 0)), "") | I20: =IFERROR(INDEX(char!$A:$A, MATCH(R20, char!$B:$B, 0)), "") | J20: =IFERROR(INDEX(char!$A:$A, MATCH(S20, char!$B:$B, 0)), "") | N20: 博多藤四郎 | O20: 日本号
A21: 20 | B21: 三本の槍 | E21: =IFERROR(INDEX(char!$A:$A, MATCH(N21, char!$B:$B, 0)), "") -> 65 | F21: =IFERROR(INDEX(char!$A:$A, MATCH(O21, char!$B:$B, 0)), "") -> 136 | G21: =IFERROR(INDEX(char!$A:$A, MATCH(P21, char!$B:$B, 0)), "") -> 138 | H21: =IFERROR(INDEX(char!$A:$A, MATCH(Q21, char!$B:$B, 0)), "") | I21: =IFERROR(INDEX(char!$A:$A, MATCH(R21, char!$B:$B, 0)), "") | J21: =IFERROR(INDEX(char!$A:$A, MATCH(S21, char!$B:$B, 0)), "") | N21: 蜻蛉切 | O21: 日本号 | P21: 御手杵
A22: 21 | B22: 黒田家の話 | E22: =IFERROR(INDEX(char!$A:$A, MATCH(N22, char!$B:$B, 0)), "") -> 118 | F22: =IFERROR(INDEX(char!$A:$A, MATCH(O22, char!$B:$B, 0)), "") -> 136 | G22: =IFERROR(INDEX(char!$A:$A, MATCH(P22, char!$B:$B, 0)), "") | H22: =IFERROR(INDEX(char!$A:$A, MATCH(Q22, char!$B:$B, 0)), "") | I22: =IFERROR(INDEX(char!$A:$A, MATCH(R22, char!$B:$B, 0)), "") | J22: =IFERROR(INDEX(char!$A:$A, MATCH(S22, char!$B:$B, 0)), "") | N22: へし切長谷部 | O22: 日本号
A23: 22 | B23: 黒田家の話 その後 | E23: =IFERROR(INDEX(char!$A:$A, MATCH(N23, char!$B:$B, 0)), "") -> 118 | F23: =IFERROR(INDEX(char!$A:$A, MATCH(O23, char!$B:$B, 0)), "") -> 136 | G23: =IFERROR(INDEX(char!$A:$A, MATCH(P23, char!$B:$B, 0)), "") | H23: =IFERROR(INDEX(char!$A:$A, MATCH(Q23, char!$B:$B, 0)), "") | I23: =IFERROR(INDEX(char!$A:$A, MATCH(R23, char!$B:$B, 0)), "") | J23: =IFERROR(INDEX(char!$A:$A, MATCH(S23, char!$B:$B, 0)), "") | N23: へし切長谷部 | O23: 日本号
A24: 23 | B24: 幸運の刀 | C24: 4-2 | E24: =IFERROR(INDEX(char!$A:$A, MATCH(N24, char!$B:$B, 0)), "") -> 35 | F24: =IFERROR(INDEX(char!$A:$A, MATCH(O24, char!$B:$B, 0)), "") -> 67 | G24: =IFERROR(INDEX(char!$A:$A, MATCH(P24, char!$B:$B, 0)), "") | H24: =IFERROR(INDEX(char!$A:$A, MATCH(Q24, char!$B:$B, 0)), "") | I24: =IFERROR(INDEX(char!$A:$A, MATCH(R24, char!$B:$B, 0)), "") | J24: =IFERROR(INDEX(char!$A:$A, MATCH(S24, char!$B:$B, 0)), "") | N24: 後藤藤四郎 | O24: 物吉貞宗
A25: 24 | B25: 源氏の宝剣 | C25: 5-3 | E25: =IFERROR(INDEX(char!$A:$A, MATCH(N25, char!$B:$B, 0)), "") -> 107 | F25: =IFERROR(INDEX(char!$A:$A, MATCH(O25, char!$B:$B, 0)), "") -> 112 | G25: =IFERROR(INDEX(char!$A:$A, MATCH(P25, char!$B:$B, 0)), "") | H25: =IFERROR(INDEX(char!$A:$A, MATCH(Q25, char!$B:$B, 0)), "") | I25: =IFERROR(INDEX(char!$A:$A, MATCH(R25, char!$B:$B, 0)), "") | J25: =IFERROR(INDEX(char!$A:$A, MATCH(S25, char!$B:$B, 0)), "") | N25: 髭切 | O25: 膝丸
A26: 25 | B26: 悲しみと、なぐさめ | C26: 3-2 | E26: =IFERROR(INDEX(char!$A:$A, MATCH(N26, char!$B:$B, 0)), "") -> 118 | F26: =IFERROR(INDEX(char!$A:$A, MATCH(O26, char!$B:$B, 0)), "") -> 120 | G26: =IFERROR(INDEX(char!$A:$A, MATCH(P26, char!$B:$B, 0)), "") | H26: =IFERROR(INDEX(char!$A:$A, MATCH(Q26, char!$B:$B, 0)), "") | I26: =IFERROR(INDEX(char!$A:$A, MATCH(R26, char!$B:$B, 0)), "") | J26: =IFERROR(INDEX(char!$A:$A, MATCH(S26, char!$B:$B, 0)), "") | N26: へし切長谷部 | O26: 不動行光
A27: 26 | B27: 僧と山伏 | E27: =IFERROR(INDEX(char!$A:$A, MATCH(N27, char!$B:$B, 0)), "") -> 97 | F27: =IFERROR(INDEX(char!$A:$A, MATCH(O27, char!$B:$B, 0)), "") -> 17 | G27: =IFERROR(INDEX(char!$A:$A, MATCH(P27, char!$B:$B, 0)), "") | H27: =IFERROR(INDEX(char!$A:$A, MATCH(Q27, char!$B:$B, 0)), "") | I27: =IFERROR(INDEX(char!$A:$A, MATCH(R27, char!$B:$B, 0)), "") | J27: =IFERROR(INDEX(char!$A:$A, MATCH(S27, char!$B:$B, 0)), "") | N27: 山伏国広 | O27: 数珠丸恒次
A28: 27 | B28: 関ヶ原へは…… | C28: 3-1 | E28: =IFERROR(INDEX(char!$A:$A, MATCH(N28, char!$B:$B, 0)), "") -> 69 | F28: =IFERROR(INDEX(char!$A:$A, MATCH(O28, char!$B:$B, 0)), "") -> 116 | G28: =IFERROR(INDEX(char!$A:$A, MATCH(P28, char!$B:$B, 0)), "") | H28: =IFERROR(INDEX(char!$A:$A, MATCH(Q28, char!$B:$B, 0)), "") | I28: =IFERROR(INDEX(char!$A:$A, MATCH(R28, char!$B:$B, 0)), "") | J28: =IFERROR(INDEX(char!$A:$A, MATCH(S28, char!$B:$B, 0)), "") | N28: 太鼓鐘貞宗 | O28: 大倶利伽羅
A29: 28 | B29: 幕府の霊的な守り | C29: 1-2 | E29: =IFERROR(INDEX(char!$A:$A, MATCH(N29, char!$B:$B, 0)), "") -> 13 | F29: =IFERROR(INDEX(char!$A:$A, MATCH(O29, char!$B:$B, 0)), "") -> 15 | G29: =IFERROR(INDEX(char!$A:$A, MATCH(P29, char!$B:$B, 0)), "") | H29: =IFERROR(INDEX(char!$A:$A, MATCH(Q29, char!$B:$B, 0)), "") | I29: =IFERROR(INDEX(char!$A:$A, MATCH(R29, char!$B:$B, 0)), "") | J29: =IFERROR(INDEX(char!$A:$A, MATCH(S29, char!$B:$B, 0)), "") | N29: 大典太光世 | O29: ソハヤノツルキ
A30: 29 | B30: 写しの悲哀 | E30: =IFERROR(INDEX(char!$A:$A, MATCH(N30, char!$B:$B, 0)), "") -> 15 | F30: =IFERROR(INDEX(char!$A:$A, MATCH(O30, char!$B:$B, 0)), "") -> 95 | G30: =IFERROR(INDEX(char!$A:$A, MATCH(P30, char!$B:$B, 0)), "") | H30: =IFERROR(INDEX(char!$A:$A, MATCH(Q30, char!$B:$B, 0)), "") | I30: =IFERROR(INDEX(char!$A:$A, MATCH(R30, char!$B:$B, 0)), "") | J30: =IFERROR(INDEX(char!$A:$A, MATCH(S30, char!$B:$B, 0)), "") | N30: ソハヤノツルキ | O30: 山姥切国広
A31: 30 | B31: 前田家の話 | E31: =IFERROR(INDEX(char!$A:$A, MATCH(N31, char!$B:$B, 0)), "") -> 13 | F31: =IFERROR(INDEX(char!$A:$A, MATCH(O31, char!$B:$B, 0)), "") -> 39 | G31: =IFERROR(INDEX(char!$A:$A, MATCH(P31, char!$B:$B, 0)), "") | H31: =IFERROR(INDEX(char!$A:$A, MATCH(Q31, char!$B:$B, 0)), "") | I31: =IFERROR(INDEX(char!$A:$A, MATCH(R31, char!$B:$B, 0)), "") | J31: =IFERROR(INDEX(char!$A:$A, MATCH(S31, char!$B:$B, 0)), "") | N31: 大典太光世 | O31: 前田藤四郎
A32: 31 | B32: 天下人の霊剣 | E32: =IFERROR(INDEX(char!$A:$A, MATCH(N32, char!$B:$B, 0)), "") -> 15 | F32: =IFERROR(INDEX(char!$A:$A, MATCH(O32, char!$B:$B, 0)), "") -> 67 | G32: =IFERROR(INDEX(char!$A:$A, MATCH(P32, char!$B:$B, 0)), "") | H32: =IFERROR(INDEX(char!$A:$A, MATCH(Q32, char!$B:$B, 0)), "") | I32: =IFERROR(INDEX(char!$A:$A, MATCH(R32, char!$B:$B, 0)), "") | J32: =IFERROR(INDEX(char!$A:$A, MATCH(S32, char!$B:$B, 0)), "") | N32: ソハヤノツルキ | O32: 物吉貞宗
A33: 32 | B33: 九曜と竹雀のえにし 発端 | C33: 7-1 | D33: 対象刀剣男士を一緒に組んでボスマス勝利 | E33: =IFERROR(INDEX(char!$A:$A, MATCH(N33, char!$B:$B, 0)), "") -> 89 | F33: =IFERROR(INDEX(char!$A:$A, MATCH(O33, char!$B:$B, 0)), "") -> 83 | G33: =IFERROR(INDEX(char!$A:$A, MATCH(P33, char!$B:$B, 0)), "") | H33: =IFERROR(INDEX(char!$A:$A, MATCH(Q33, char!$B:$B, 0)), "") | I33: =IFERROR(INDEX(char!$A:$A, MATCH(R33, char!$B:$B, 0)), "") | J33: =IFERROR(INDEX(char!$A:$A, MATCH(S33, char!$B:$B, 0)), "") | N33: 歌仙兼定 | O33: 小夜左文字
A34: 33 | B34: 九曜と竹雀のえにし 勃発 | C34: 7-1 | D34: 回想32発生後 | E34: =IFERROR(INDEX(char!$A:$A, MATCH(N34, char!$B:$B, 0)), "") -> 89 | F34: =IFERROR(INDEX(char!$A:$A, MATCH(O34, char!$B:$B, 0)), "") -> 116 | G34: =IFERROR(INDEX(char!$A:$A, MATCH(P34, char!$B:$B, 0)), "") | H34: =IFERROR(INDEX(char!$A:$A, MATCH(Q34, char!$B:$B, 0)), "") | I34: =IFERROR(INDEX(char!$A:$A, MATCH(R34, char!$B:$B, 0)), "") | J34: =IFERROR(INDEX(char!$A:$A, MATCH(S34, char!$B:$B, 0)), "") | N34: 歌仙兼定 | O34: 大倶利伽羅
A35: 34 | B35: 九曜と竹雀のえにし 接触 | C35: 7-2 | D35: 回想33発生後、対象刀剣男士を一緒に組んでボスマス勝利 | E35: =IFERROR(INDEX(char!$A:$A, MATCH(N35, char!$B:$B, 0)), "") -> 73 | F35: =IFERROR(INDEX(char!$A:$A, MATCH(O35, char!$B:$B, 0)), "") -> 83 | G35: =IFERROR(INDEX(char!$A:$A, MATCH(P35, char!$B:$B, 0)), "") -> 116 | H35: =IFERROR(INDEX(char!$A:$A, MATCH(Q35, char!$B:$B, 0)), "") | I35: =IFERROR(INDEX(char!$A:$A, MATCH(R35, char!$B:$B, 0)), "") | J35: =IFERROR(INDEX(char!$A:$A, MATCH(S35, char!$B:$B, 0)), "") | N35: 燭台切光忠 | O35: 小夜左文字 | P35: 大倶利伽羅
A36: 35 | B36: 九曜と竹雀のえにし 接触・続 | C36: 7-2 | D36: 回想34発生後、対象刀剣男士を一緒に組んでボスマス勝利 | E36: =IFERROR(INDEX(char!$A:$A, MATCH(N36, char!$B:$B, 0)), "") -> 73 | F36: =IFERROR(INDEX(char!$A:$A, MATCH(O36, char!$B:$B, 0)), "") -> 83 | G36: =IFERROR(INDEX(char!$A:$A, MATCH(P36, char!$B:$B, 0)), "") -> 130 | H36: =IFERROR(INDEX(char!$A:$A, MATCH(Q36, char!$B:$B, 0)), "") | I36: =IFERROR(INDEX(char!$A:$A, MATCH(R36, char!$B:$B, 0)), "") | J36: =IFERROR(INDEX(char!$A:$A, MATCH(S36, char!$B:$B, 0)), "") | N36: 燭台切光忠 | O36: 小夜左文字 | P36: 鶴丸国永
A37: 36 | B37: 九曜と竹雀のえにし 協力 | C37: 7-2 | D37: 回想34発生後、対象刀剣男士を一緒に組んでボスマス勝利 | E37: =IFERROR(INDEX(char!$A:$A, MATCH(N37, char!$B:$B, 0)), "") -> 73 | F37: =IFERROR(INDEX(char!$A:$A, MATCH(O37, char!$B:$B, 0)), "") -> 83 | G37: =IFERROR(INDEX(char!$A:$A, MATCH(P37, char!$B:$B, 0)), "") -> 89 | H37: =IFERROR(INDEX(char!$A:$A, MATCH(Q37, char!$B:$B, 0)), "") -> 116 | I37: =IFERROR(INDEX(char!$A:$A, MATCH(R37, char!$B:$B, 0)), "") | J37: =IFERROR(INDEX(char!$A:$A, MATCH(S37, char!$B:$B, 0)), "") | N37: 燭台切光忠 | O37: 小夜左文字 | P37: 歌仙兼定 | Q37: 大倶利伽羅
A38: 37 | B38: 九曜と竹雀のえにし 協力・続 | C38: 7-2 | D38: 回想36発生後、対象刀剣男士を一緒に組んでボスマス勝利 | E38: =IFERROR(INDEX(char!$A:$A, MATCH(N38, char!$B:$B, 0)), "") -> 73 | F38: =IFERROR(INDEX(char!$A:$A, MATCH(O38, char!$B:$B, 0)), "") -> 83 | G38: =IFERROR(INDEX(char!$A:$A, MATCH(P38, char!$B:$B, 0)), "") -> 69 | H38: =IFERROR(INDEX(char!$A:$A, MATCH(Q38, char!$B:$B, 0)), "") -> 89 | I38: =IFERROR(INDEX(char!$A:$A, MATCH(R38, char!$B:$B, 0)), "") -> 116 | J38: =IFERROR(INDEX(char!$A:$A, MATCH(S38, char!$B:$B, 0)), "") | N38: 燭台切光忠 | O38: 小夜左文字 | P38: 太鼓鐘貞宗 | Q38: 歌仙兼定 | R38: 大倶利伽羅
A39: 38 | B39: 九曜と竹雀のえにし 団結 | C39: 7-3 | D39: 回想36発生後、対象刀剣男士を一緒に組んでボスマス勝利 | E39: =IFERROR(INDEX(char!$A:$A, MATCH(N39, char!$B:$B, 0)), "") -> 73 | F39: =IFERROR(INDEX(char!$A:$A, MATCH(O39, char!$B:$B, 0)), "") -> 83 | G39: =IFERROR(INDEX(char!$A:$A, MATCH(P39, char!$B:$B, 0)), "") | H39: =IFERROR(INDEX(char!$A:$A, MATCH(Q39, char!$B:$B, 0)), "") | I39: =IFERROR(INDEX(char!$A:$A, MATCH(R39, char!$B:$B, 0)), "") | J39: =IFERROR(INDEX(char!$A:$A, MATCH(S39, char!$B:$B, 0)), "") | N39: 燭台切光忠 | O39: 小夜左文字
A40: 39 | B40: 九曜と竹雀のえにし 団結・続 | C40: 7-3 | D40: 回想38発生後、対象刀剣男士を一緒に組んでボスマス勝利 | E40: =IFERROR(INDEX(char!$A:$A, MATCH(N40, char!$B:$B, 0)), "") -> 73 | F40: =IFERROR(INDEX(char!$A:$A, MATCH(O40, char!$B:$B, 0)), "") -> 83 | G40: =IFERROR(INDEX(char!$A:$A, MATCH(P40, char!$B:$B, 0)), "") -> 69 | H40: =IFERROR(INDEX(char!$A:$A, MATCH(Q40, char!$B:$B, 0)), "") | I40: =IFERROR(INDEX(char!$A:$A, MATCH(R40, char!$B:$B, 0)), "") | J40: =IFERROR(INDEX(char!$A:$A, MATCH(S40, char!$B:$B, 0)), "") | N40: 燭台切光忠 | O40: 小夜左文字 | P40: 太鼓鐘貞宗
A41: 40 | B41: 九曜と竹雀のえにし 真心 | C41: 7-3 | D41: 回想38発生後、対象刀剣男士を一緒に組んでボスマス勝利 | E41: =IFERROR(INDEX(char!$A:$A, MATCH(N41, char!$B:$B, 0)), "") -> 73 | F41: =IFERROR(INDEX(char!$A:$A, MATCH(O41, char!$B:$B, 0)), "") -> 83 | G41: =IFERROR(INDEX(char!$A:$A, MATCH(P41, char!$B:$B, 0)), "") | H41: =IFERROR(INDEX(char!$A:$A, MATCH(Q41, char!$B:$B, 0)), "") | I41: =IFERROR(INDEX(char!$A:$A, MATCH(R41, char!$B:$B, 0)), "") | J41: =IFERROR(INDEX(char!$A:$A, MATCH(S41, char!$B:$B, 0)), "") | N41: 燭台切光忠 | O41: 小夜左文字
A42: 41 | B42: 九曜と竹雀のえにし 真心・続 | C42: 7-3 | D42: 回想40発生後、対象刀剣男士を一緒に組んでボスマス勝利 | E42: =IFERROR(INDEX(char!$A:$A, MATCH(N42, char!$B:$B, 0)), "") -> 73 | F42: =IFERROR(INDEX(char!$A:$A, MATCH(O42, char!$B:$B, 0)), "") -> 83 | G42: =IFERROR(INDEX(char!$A:$A, MATCH(P42, char!$B:$B, 0)), "") -> 130 | H42: =IFERROR(INDEX(char!$A:$A, MATCH(Q42, char!$B:$B, 0)), "") | I42: =IFERROR(INDEX(char!$A:$A, MATCH(R42, char!$B:$B, 0)), "") | J42: =IFERROR(INDEX(char!$A:$A, MATCH(S42, char!$B:$B, 0)), "") | N42: 燭台切光忠 | O42: 小夜左文字 | P42: 鶴丸国永
A43: 42 | B43: 九曜と竹雀のえにし 落着 | C43: 7-4 | D43: 回想40発生後、対象刀剣男士を一緒に組んでボスマス勝利 | E43: =IFERROR(INDEX(char!$A:$A, MATCH(N43, char!$B:$B, 0)), "") -> 73 | F43: =IFERROR(INDEX(char!$A:$A, MATCH(O43, char!$B:$B, 0)), "") -> 89 | G43: =IFERROR(INDEX(char!$A:$A, MATCH(P43, char!$B:$B, 0)), "") -> 116 | H43: =IFERROR(INDEX(char!$A:$A, MATCH(Q43, char!$B:$B, 0)), "") | I43: =IFERROR(INDEX(char!$A:$A, MATCH(R43, char!$B:$B, 0)), "") | J43: =IFERROR(INDEX(char!$A:$A, MATCH(S43, char!$B:$B, 0)), "") | N43: 燭台切光忠 | O43: 歌仙兼定 | P43: 大倶利伽羅
A44: 43 | B44: 九曜と竹雀のえにし 縁故 | C44: 7-4 | D44: 回想42発生後、対象刀剣男士を一緒に組んでボスマス勝利 | E44: =IFERROR(INDEX(char!$A:$A, MATCH(N44, char!$B:$B, 0)), "") -> 83 | F44: =IFERROR(INDEX(char!$A:$A, MATCH(O44, char!$B:$B, 0)), "") -> 89 | G44: =IFERROR(INDEX(char!$A:$A, MATCH(P44, char!$B:$B, 0)), "") -> 73 | H44: =IFERROR(INDEX(char!$A:$A, MATCH(Q44, char!$B:$B, 0)), "") | I44: =IFERROR(INDEX(char!$A:$A, MATCH(R44, char!$B:$B, 0)), "") | J44: =IFERROR(INDEX(char!$A:$A, MATCH(S44, char!$B:$B, 0)), "") | N44: 小夜左文字 | O44: 歌仙兼定 | P44: 燭台切光忠 | Q44: 大俱利伽羅
A45: 44 | B45: じっちゃんと一緒 | E45: =IFERROR(INDEX(char!$A:$A, MATCH(N45, char!$B:$B, 0)), "") -> 122 | F45: =IFERROR(INDEX(char!$A:$A, MATCH(O45, char!$B:$B, 0)), "") -> 124 | G45: =IFERROR(INDEX(char!$A:$A, MATCH(P45, char!$B:$B, 0)), "") | H45: =IFERROR(INDEX(char!$A:$A, MATCH(Q45, char!$B:$B, 0)), "") | I45: =IFERROR(INDEX(char!$A:$A, MATCH(R45, char!$B:$B, 0)), "") | J45: =IFERROR(INDEX(char!$A:$A, MATCH(S45, char!$B:$B, 0)), "") | N45: 獅子王 | O45: 小烏丸
A46: 45 | B46: 童子切はどこだ？ | C46: 2-3 | E46: =IFERROR(INDEX(char!$A:$A, MATCH(N46, char!$B:$B, 0)), "") -> 53 | F46: =IFERROR(INDEX(char!$A:$A, MATCH(O46, char!$B:$B, 0)), "") -> 55 | G46: =IFERROR(INDEX(char!$A:$A, MATCH(P46, char!$B:$B, 0)), "") | H46: =IFERROR(INDEX(char!$A:$A, MATCH(Q46, char!$B:$B, 0)), "") | I46: =IFERROR(INDEX(char!$A:$A, MATCH(R46, char!$B:$B, 0)), "") | J46: =IFERROR(INDEX(char!$A:$A, MATCH(S46, char!$B:$B, 0)), "") | N46: 大包平 | O46: 鶯丸
A47: 46 | B47: 困った癖 | E47: =IFERROR(INDEX(char!$A:$A, MATCH(N47, char!$B:$B, 0)), "") -> 63 | F47: =IFERROR(INDEX(char!$A:$A, MATCH(O47, char!$B:$B, 0)), "") -> 65 | G47: =IFERROR(INDEX(char!$A:$A, MATCH(P47, char!$B:$B, 0)), "") | H47: =IFERROR(INDEX(char!$A:$A, MATCH(Q47, char!$B:$B, 0)), "") | I47: =IFERROR(INDEX(char!$A:$A, MATCH(R47, char!$B:$B, 0)), "") | J47: =IFERROR(INDEX(char!$A:$A, MATCH(S47, char!$B:$B, 0)), "") | N47: 千子村正 | O47: 蜻蛉切
A48: 47 | B48: 命を果たすのは俺だ | E48: =IFERROR(INDEX(char!$A:$A, MATCH(N48, char!$B:$B, 0)), "") -> 118 | F48: =IFERROR(INDEX(char!$A:$A, MATCH(O48, char!$B:$B, 0)), "") -> 140 | G48: =IFERROR(INDEX(char!$A:$A, MATCH(P48, char!$B:$B, 0)), "") | H48: =IFERROR(INDEX(char!$A:$A, MATCH(Q48, char!$B:$B, 0)), "") | I48: =IFERROR(INDEX(char!$A:$A, MATCH(R48, char!$B:$B, 0)), "") | J48: =IFERROR(INDEX(char!$A:$A, MATCH(S48, char!$B:$B, 0)), "") | N48: へし切長谷部 | O48: 巴形薙刀
A49: 48 | B49: 関ヶ原の両大将 | C49: 3-1 | E49: =IFERROR(INDEX(char!$A:$A, MATCH(N49, char!$B:$B, 0)), "") -> 142 | F49: =IFERROR(INDEX(char!$A:$A, MATCH(O49, char!$B:$B, 0)), "") -> 15 | G49: =IFERROR(INDEX(char!$A:$A, MATCH(P49, char!$B:$B, 0)), "") | H49: =IFERROR(INDEX(char!$A:$A, MATCH(Q49, char!$B:$B, 0)), "") | I49: =IFERROR(INDEX(char!$A:$A, MATCH(R49, char!$B:$B, 0)), "") | J49: =IFERROR(INDEX(char!$A:$A, MATCH(S49, char!$B:$B, 0)), "") | N49: 毛利藤四郎 | O49: ソハヤノツルキ
A50: 49 | B50: 歌のかたち今昔 | E50: =IFERROR(INDEX(char!$A:$A, MATCH(N50, char!$B:$B, 0)), "") -> 144 | F50: =IFERROR(INDEX(char!$A:$A, MATCH(O50, char!$B:$B, 0)), "") -> 89 | G50: =IFERROR(INDEX(char!$A:$A, MATCH(P50, char!$B:$B, 0)), "") | H50: =IFERROR(INDEX(char!$A:$A, MATCH(Q50, char!$B:$B, 0)), "") | I50: =IFERROR(INDEX(char!$A:$A, MATCH(R50, char!$B:$B, 0)), "") | J50: =IFERROR(INDEX(char!$A:$A, MATCH(S50, char!$B:$B, 0)), "") | N50: 篭手切江 | O50: 歌仙兼定
A51: 50 | B51: 輝く星を目指して | E51: =IFERROR(INDEX(char!$A:$A, MATCH(N51, char!$B:$B, 0)), "") -> 144 | F51: =IFERROR(INDEX(char!$A:$A, MATCH(O51, char!$B:$B, 0)), "") -> 31 | G51: =IFERROR(INDEX(char!$A:$A, MATCH(P51, char!$B:$B, 0)), "") | H51: =IFERROR(INDEX(char!$A:$A, MATCH(Q51, char!$B:$B, 0)), "") | I51: =IFERROR(INDEX(char!$A:$A, MATCH(R51, char!$B:$B, 0)), "") | J51: =IFERROR(INDEX(char!$A:$A, MATCH(S51, char!$B:$B, 0)), "") | N51: 篭手切江 | O51: 平野藤四郎
A52: 51 | B52: 謙信の話 | C52: 3-3 | E52: =IFERROR(INDEX(char!$A:$A, MATCH(N52, char!$B:$B, 0)), "") -> 146 | F52: =IFERROR(INDEX(char!$A:$A, MATCH(O52, char!$B:$B, 0)), "") -> 148 | G52: =IFERROR(INDEX(char!$A:$A, MATCH(P52, char!$B:$B, 0)), "") | H52: =IFERROR(INDEX(char!$A:$A, MATCH(Q52, char!$B:$B, 0)), "") | I52: =IFERROR(INDEX(char!$A:$A, MATCH(R52, char!$B:$B, 0)), "") | J52: =IFERROR(INDEX(char!$A:$A, MATCH(S52, char!$B:$B, 0)), "") | N52: 謙信景光 | O52: 小豆長光
A53: 52 | B53: 西軍の刀たち | C53: 3-1 | E53: =IFERROR(INDEX(char!$A:$A, MATCH(N53, char!$B:$B, 0)), "") -> 150 | F53: =IFERROR(INDEX(char!$A:$A, MATCH(O53, char!$B:$B, 0)), "") -> 142 | G53: =IFERROR(INDEX(char!$A:$A, MATCH(P53, char!$B:$B, 0)), "") | H53: =IFERROR(INDEX(char!$A:$A, MATCH(Q53, char!$B:$B, 0)), "") | I53: =IFERROR(INDEX(char!$A:$A, MATCH(R53, char!$B:$B, 0)), "") | J53: =IFERROR(INDEX(char!$A:$A, MATCH(S53, char!$B:$B, 0)), "") | N53: 日向正宗 | O53: 毛利藤四郎
A54: 53 | B54: 戦況の行方 | E54: =IFERROR(INDEX(char!$A:$A, MATCH(N54, char!$B:$B, 0)), "") -> 140 | F54: =IFERROR(INDEX(char!$A:$A, MATCH(O54, char!$B:$B, 0)), "") -> 152 | G54: =IFERROR(INDEX(char!$A:$A, MATCH(P54, char!$B:$B, 0)), "") | H54: =IFERROR(INDEX(char!$A:$A, MATCH(Q54, char!$B:$B, 0)), "") | I54: =IFERROR(INDEX(char!$A:$A, MATCH(R54, char!$B:$B, 0)), "") | J54: =IFERROR(INDEX(char!$A:$A, MATCH(S54, char!$B:$B, 0)), "") | N54: 巴形薙刀 | O54: 静形薙刀
A55: 54 | B55: 呪い仲間 | E55: =IFERROR(INDEX(char!$A:$A, MATCH(N55, char!$B:$B, 0)), "") -> 154 | F55: =IFERROR(INDEX(char!$A:$A, MATCH(O55, char!$B:$B, 0)), "") -> 95 | G55: =IFERROR(INDEX(char!$A:$A, MATCH(P55, char!$B:$B, 0)), "") | H55: =IFERROR(INDEX(char!$A:$A, MATCH(Q55, char!$B:$B, 0)), "") | I55: =IFERROR(INDEX(char!$A:$A, MATCH(R55, char!$B:$B, 0)), "") | J55: =IFERROR(INDEX(char!$A:$A, MATCH(S55, char!$B:$B, 0)), "") | N55: 南泉一文字 | O55: 山姥切国広
A56: 55 | B56: 猫斬りと山姥切 | E56: =IFERROR(INDEX(char!$A:$A, MATCH(N56, char!$B:$B, 0)), "") -> 154 | F56: =IFERROR(INDEX(char!$A:$A, MATCH(O56, char!$B:$B, 0)), "") -> 158 | G56: =IFERROR(INDEX(char!$A:$A, MATCH(P56, char!$B:$B, 0)), "") | H56: =IFERROR(INDEX(char!$A:$A, MATCH(Q56, char!$B:$B, 0)), "") | I56: =IFERROR(INDEX(char!$A:$A, MATCH(R56, char!$B:$B, 0)), "") | J56: =IFERROR(INDEX(char!$A:$A, MATCH(S56, char!$B:$B, 0)), "") | N56: 南泉一文字 | O56: 山姥切長義
A57: 56 | B57: ふたつの山姥切 | E57: =IFERROR(INDEX(char!$A:$A, MATCH(N57, char!$B:$B, 0)), "") -> 95 | F57: =IFERROR(INDEX(char!$A:$A, MATCH(O57, char!$B:$B, 0)), "") -> 158 | G57: =IFERROR(INDEX(char!$A:$A, MATCH(P57, char!$B:$B, 0)), "") | H57: =IFERROR(INDEX(char!$A:$A, MATCH(Q57, char!$B:$B, 0)), "") | I57: =IFERROR(INDEX(char!$A:$A, MATCH(R57, char!$B:$B, 0)), "") | J57: =IFERROR(INDEX(char!$A:$A, MATCH(S57, char!$B:$B, 0)), "") | N57: 山姥切国広 | O57: 山姥切長義
A58: 57 | B58: ふたつの山姥切 | E58: =IFERROR(INDEX(char!$A:$A, MATCH(N58, char!$B:$B, 0)), "") | F58: =IFERROR(INDEX(char!$A:$A, MATCH(O58, char!$B:$B, 0)), "") -> 158 | G58: =IFERROR(INDEX(char!$A:$A, MATCH(P58, char!$B:$B, 0)), "") | H58: =IFERROR(INDEX(char!$A:$A, MATCH(Q58, char!$B:$B, 0)), "") | I58: =IFERROR(INDEX(char!$A:$A, MATCH(R58, char!$B:$B, 0)), "") | J58: =IFERROR(INDEX(char!$A:$A, MATCH(S58, char!$B:$B, 0)), "") | N58: 山姥切国広 極 | O58: 山姥切長義
A59: 58 | B59: すていじ あくと１ | E59: =IFERROR(INDEX(char!$A:$A, MATCH(N59, char!$B:$B, 0)), "") -> 144 | F59: =IFERROR(INDEX(char!$A:$A, MATCH(O59, char!$B:$B, 0)), "") -> 160 | G59: =IFERROR(INDEX(char!$A:$A, MATCH(P59, char!$B:$B, 0)), "") | H59: =IFERROR(INDEX(char!$A:$A, MATCH(Q59, char!$B:$B, 0)), "") | I59: =IFERROR(INDEX(char!$A:$A, MATCH(R59, char!$B:$B, 0)), "") | J59: =IFERROR(INDEX(char!$A:$A, MATCH(S59, char!$B:$B, 0)), "") | N59: 篭手切江 | O59: 豊前江
A60: 59 | B60: 槍への対抗心 | E60: =IFERROR(INDEX(char!$A:$A, MATCH(N60, char!$B:$B, 0)), "") -> 152 | F60: =IFERROR(INDEX(char!$A:$A, MATCH(O60, char!$B:$B, 0)), "") -> 138 | G60: =IFERROR(INDEX(char!$A:$A, MATCH(P60, char!$B:$B, 0)), "") | H60: =IFERROR(INDEX(char!$A:$A, MATCH(Q60, char!$B:$B, 0)), "") | I60: =IFERROR(INDEX(char!$A:$A, MATCH(R60, char!$B:$B, 0)), "") | J60: =IFERROR(INDEX(char!$A:$A, MATCH(S60, char!$B:$B, 0)), "") | N60: 静形薙刀 | O60: 御手杵
A61: 60 | B61: 過去はなくとも | E61: =IFERROR(INDEX(char!$A:$A, MATCH(N61, char!$B:$B, 0)), "") -> 152 | F61: =IFERROR(INDEX(char!$A:$A, MATCH(O61, char!$B:$B, 0)), "") -> 29 | G61: =IFERROR(INDEX(char!$A:$A, MATCH(P61, char!$B:$B, 0)), "") | H61: =IFERROR(INDEX(char!$A:$A, MATCH(Q61, char!$B:$B, 0)), "") | I61: =IFERROR(INDEX(char!$A:$A, MATCH(R61, char!$B:$B, 0)), "") | J61: =IFERROR(INDEX(char!$A:$A, MATCH(S61, char!$B:$B, 0)), "") | N61: 静形薙刀 | O61: 骨喰藤四郎
A62: 61 | B62: 阿吽の長物 | C62: 8-1 | E62: =IFERROR(INDEX(char!$A:$A, MATCH(N62, char!$B:$B, 0)), "") -> 128 | F62: =IFERROR(INDEX(char!$A:$A, MATCH(O62, char!$B:$B, 0)), "") -> 138 | G62: =IFERROR(INDEX(char!$A:$A, MATCH(P62, char!$B:$B, 0)), "") | H62: =IFERROR(INDEX(char!$A:$A, MATCH(Q62, char!$B:$B, 0)), "") | I62: =IFERROR(INDEX(char!$A:$A, MATCH(R62, char!$B:$B, 0)), "") | J62: =IFERROR(INDEX(char!$A:$A, MATCH(S62, char!$B:$B, 0)), "") | N62: 同田貫正国 | O62: 御手杵
A63: 62 | B63: 阿吽の大小 | C63: 8-1 | D63: 回想61発生後、対象刀剣男士を一緒に組んでEマス到達 | E63: =IFERROR(INDEX(char!$A:$A, MATCH(N63, char!$B:$B, 0)), "") -> 128 | F63: =IFERROR(INDEX(char!$A:$A, MATCH(O63, char!$B:$B, 0)), "") -> 29 | G63: =IFERROR(INDEX(char!$A:$A, MATCH(P63, char!$B:$B, 0)), "") | H63: =IFERROR(INDEX(char!$A:$A, MATCH(Q63, char!$B:$B, 0)), "") | I63: =IFERROR(INDEX(char!$A:$A, MATCH(R63, char!$B:$B, 0)), "") | J63: =IFERROR(INDEX(char!$A:$A, MATCH(S63, char!$B:$B, 0)), "") | N63: 同田貫正国 | O63: 骨喰藤四郎
A64: 63 | B64: 同病相憐れむ | C64: 8-1 | D64: 回想62発生後、対象刀剣男士を一緒に組んでEマス到達 | E64: =IFERROR(INDEX(char!$A:$A, MATCH(N64, char!$B:$B, 0)), "") -> 138 | F64: =IFERROR(INDEX(char!$A:$A, MATCH(O64, char!$B:$B, 0)), "") -> 29 | G64: =IFERROR(INDEX(char!$A:$A, MATCH(P64, char!$B:$B, 0)), "") | H64: =IFERROR(INDEX(char!$A:$A, MATCH(Q64, char!$B:$B, 0)), "") | I64: =IFERROR(INDEX(char!$A:$A, MATCH(R64, char!$B:$B, 0)), "") | J64: =IFERROR(INDEX(char!$A:$A, MATCH(S64, char!$B:$B, 0)), "") | N64: 御手杵 | O64: 骨喰藤四郎
A65: 64 | B65: つるぎの兄弟 | E65: =IFERROR(INDEX(char!$A:$A, MATCH(N65, char!$B:$B, 0)), "") -> 25 | F65: =IFERROR(INDEX(char!$A:$A, MATCH(O65, char!$B:$B, 0)), "") -> 164 | G65: =IFERROR(INDEX(char!$A:$A, MATCH(P65, char!$B:$B, 0)), "") | H65: =IFERROR(INDEX(char!$A:$A, MATCH(Q65, char!$B:$B, 0)), "") | I65: =IFERROR(INDEX(char!$A:$A, MATCH(R65, char!$B:$B, 0)), "") | J65: =IFERROR(INDEX(char!$A:$A, MATCH(S65, char!$B:$B, 0)), "") | N65: 一期一振 | O65: 白山吉光
A66: 65 | B66: 由来は近くも今は遠く | E66: =IFERROR(INDEX(char!$A:$A, MATCH(N66, char!$B:$B, 0)), "") -> 93 | F66: =IFERROR(INDEX(char!$A:$A, MATCH(O66, char!$B:$B, 0)), "") -> 168 | G66: =IFERROR(INDEX(char!$A:$A, MATCH(P66, char!$B:$B, 0)), "") | H66: =IFERROR(INDEX(char!$A:$A, MATCH(Q66, char!$B:$B, 0)), "") | I66: =IFERROR(INDEX(char!$A:$A, MATCH(R66, char!$B:$B, 0)), "") | J66: =IFERROR(INDEX(char!$A:$A, MATCH(S66, char!$B:$B, 0)), "") | N66: 陸奥守吉行 | O66: 肥前忠弘
A67: 66 | B67: 由来は近く、心も近く | E67: =IFERROR(INDEX(char!$A:$A, MATCH(N67, char!$B:$B, 0)), "") -> 93 | F67: =IFERROR(INDEX(char!$A:$A, MATCH(O67, char!$B:$B, 0)), "") -> 166 | G67: =IFERROR(INDEX(char!$A:$A, MATCH(P67, char!$B:$B, 0)), "") -> 168 | H67: =IFERROR(INDEX(char!$A:$A, MATCH(Q67, char!$B:$B, 0)), "") | I67: =IFERROR(INDEX(char!$A:$A, MATCH(R67, char!$B:$B, 0)), "") | J67: =IFERROR(INDEX(char!$A:$A, MATCH(S67, char!$B:$B, 0)), "") | N67: 陸奥守吉行 | O67: 南海太郎朝尊 | P67: 肥前忠弘
A68: 67 | B68: 風が全てを押し流す | C68: 2-3 | E68: =IFERROR(INDEX(char!$A:$A, MATCH(N68, char!$B:$B, 0)), "") -> 156 | F68: =IFERROR(INDEX(char!$A:$A, MATCH(O68, char!$B:$B, 0)), "") -> 170 | G68: =IFERROR(INDEX(char!$A:$A, MATCH(P68, char!$B:$B, 0)), "") | H68: =IFERROR(INDEX(char!$A:$A, MATCH(Q68, char!$B:$B, 0)), "") | I68: =IFERROR(INDEX(char!$A:$A, MATCH(R68, char!$B:$B, 0)), "") | J68: =IFERROR(INDEX(char!$A:$A, MATCH(S68, char!$B:$B, 0)), "") | N68: 千代金丸 | O68: 北谷菜切
A69: 68 | B69: 信用と亀の間に | E69: =IFERROR(INDEX(char!$A:$A, MATCH(N69, char!$B:$B, 0)), "") -> 156 | F69: =IFERROR(INDEX(char!$A:$A, MATCH(O69, char!$B:$B, 0)), "") -> 170 | G69: =IFERROR(INDEX(char!$A:$A, MATCH(P69, char!$B:$B, 0)), "") -> 103 | H69: =IFERROR(INDEX(char!$A:$A, MATCH(Q69, char!$B:$B, 0)), "") | I69: =IFERROR(INDEX(char!$A:$A, MATCH(R69, char!$B:$B, 0)), "") | J69: =IFERROR(INDEX(char!$A:$A, MATCH(S69, char!$B:$B, 0)), "") | N69: 千代金丸 | O69: 北谷菜切 | P69: 浦島虎徹
A70: 69 | B70: 海を思い | D70: 回想68発生後、対象刀剣男士を一緒に組んで出陣 | E70: =IFERROR(INDEX(char!$A:$A, MATCH(N70, char!$B:$B, 0)), "") -> 156 | F70: =IFERROR(INDEX(char!$A:$A, MATCH(O70, char!$B:$B, 0)), "") -> 170 | G70: =IFERROR(INDEX(char!$A:$A, MATCH(P70, char!$B:$B, 0)), "") -> 103 | H70: =IFERROR(INDEX(char!$A:$A, MATCH(Q70, char!$B:$B, 0)), "") | I70: =IFERROR(INDEX(char!$A:$A, MATCH(R70, char!$B:$B, 0)), "") | J70: =IFERROR(INDEX(char!$A:$A, MATCH(S70, char!$B:$B, 0)), "") | N70: 千代金丸 | O70: 北谷菜切 | P70: 浦島虎徹
A71: 70 | B71: 石投げの見物 | C71: 8-2 | D71: 回想63発生後、対象刀剣男士を一緒に組んでPマス到達 | E71: =IFERROR(INDEX(char!$A:$A, MATCH(N71, char!$B:$B, 0)), "") -> 128 | F71: =IFERROR(INDEX(char!$A:$A, MATCH(O71, char!$B:$B, 0)), "") -> 138 | G71: =IFERROR(INDEX(char!$A:$A, MATCH(P71, char!$B:$B, 0)), "") | H71: =IFERROR(INDEX(char!$A:$A, MATCH(Q71, char!$B:$B, 0)), "") | I71: =IFERROR(INDEX(char!$A:$A, MATCH(R71, char!$B:$B, 0)), "") | J71: =IFERROR(INDEX(char!$A:$A, MATCH(S71, char!$B:$B, 0)), "") | N71: 同田貫正国 | O71: 御手杵
A72: 71 | B72: ここから生まれしもの | C72: 8-2 | D72: 回想70発生後、対象刀剣男士を一緒に組んでPマス到達 | E72: =IFERROR(INDEX(char!$A:$A, MATCH(N72, char!$B:$B, 0)), "") -> 29 | F72: =IFERROR(INDEX(char!$A:$A, MATCH(O72, char!$B:$B, 0)), "") -> 128 | G72: =IFERROR(INDEX(char!$A:$A, MATCH(P72, char!$B:$B, 0)), "") -> 138 | H72: =IFERROR(INDEX(char!$A:$A, MATCH(Q72, char!$B:$B, 0)), "") | I72: =IFERROR(INDEX(char!$A:$A, MATCH(R72, char!$B:$B, 0)), "") | J72: =IFERROR(INDEX(char!$A:$A, MATCH(S72, char!$B:$B, 0)), "") | N72: 骨喰藤四郎 | O72: 同田貫正国 | P72: 御手杵
A73: 72 | B73: 風に乗れ | E73: =IFERROR(INDEX(char!$A:$A, MATCH(N73, char!$B:$B, 0)), "") -> 172 | F73: =IFERROR(INDEX(char!$A:$A, MATCH(O73, char!$B:$B, 0)), "") -> 160 | G73: =IFERROR(INDEX(char!$A:$A, MATCH(P73, char!$B:$B, 0)), "") | H73: =IFERROR(INDEX(char!$A:$A, MATCH(Q73, char!$B:$B, 0)), "") | I73: =IFERROR(INDEX(char!$A:$A, MATCH(R73, char!$B:$B, 0)), "") | J73: =IFERROR(INDEX(char!$A:$A, MATCH(S73, char!$B:$B, 0)), "") | N73: 桑名江 | O73: 豊前江
A74: 73 | B74: すていじ あくと２ | D74: 回想58発生後、対象刀剣男士を一緒に組んで出陣 | E74: =IFERROR(INDEX(char!$A:$A, MATCH(N74, char!$B:$B, 0)), "") -> 172 | F74: =IFERROR(INDEX(char!$A:$A, MATCH(O74, char!$B:$B, 0)), "") -> 160 | G74: =IFERROR(INDEX(char!$A:$A, MATCH(P74, char!$B:$B, 0)), "") | H74: =IFERROR(INDEX(char!$A:$A, MATCH(Q74, char!$B:$B, 0)), "") | I74: =IFERROR(INDEX(char!$A:$A, MATCH(R74, char!$B:$B, 0)), "") | J74: =IFERROR(INDEX(char!$A:$A, MATCH(S74, char!$B:$B, 0)), "") | N74: 桑名江 | O74: 豊前江
A75: 74 | B75: 新々刀の系譜 | E75: =IFERROR(INDEX(char!$A:$A, MATCH(N75, char!$B:$B, 0)), "") -> 166 | F75: =IFERROR(INDEX(char!$A:$A, MATCH(O75, char!$B:$B, 0)), "") -> 174 | G75: =IFERROR(INDEX(char!$A:$A, MATCH(P75, char!$B:$B, 0)), "") | H75: =IFERROR(INDEX(char!$A:$A, MATCH(Q75, char!$B:$B, 0)), "") | I75: =IFERROR(INDEX(char!$A:$A, MATCH(R75, char!$B:$B, 0)), "") | J75: =IFERROR(INDEX(char!$A:$A, MATCH(S75, char!$B:$B, 0)), "") | N75: 南海太郎朝尊 | O75: 水心子正秀
A76: 75 | B76: 名を分かつ | E76: =IFERROR(INDEX(char!$A:$A, MATCH(N76, char!$B:$B, 0)), "") | F76: =IFERROR(INDEX(char!$A:$A, MATCH(O76, char!$B:$B, 0)), "") -> 176 | G76: =IFERROR(INDEX(char!$A:$A, MATCH(P76, char!$B:$B, 0)), "") | H76: =IFERROR(INDEX(char!$A:$A, MATCH(Q76, char!$B:$B, 0)), "") | I76: =IFERROR(INDEX(char!$A:$A, MATCH(R76, char!$B:$B, 0)), "") | J76: =IFERROR(INDEX(char!$A:$A, MATCH(S76, char!$B:$B, 0)), "") | N76: 長曽根虎徹 | O76: 源清麿
A77: 76 | B77: 言えない過去 | C77: 3-1 | E77: =IFERROR(INDEX(char!$A:$A, MATCH(N77, char!$B:$B, 0)), "") -> 160 | F77: =IFERROR(INDEX(char!$A:$A, MATCH(O77, char!$B:$B, 0)), "") -> 178 | G77: =IFERROR(INDEX(char!$A:$A, MATCH(P77, char!$B:$B, 0)), "") | H77: =IFERROR(INDEX(char!$A:$A, MATCH(Q77, char!$B:$B, 0)), "") | I77: =IFERROR(INDEX(char!$A:$A, MATCH(R77, char!$B:$B, 0)), "") | J77: =IFERROR(INDEX(char!$A:$A, MATCH(S77, char!$B:$B, 0)), "") | N77: 豊前江 | O77: 松井江
A78: 77 | B78: すていじ あくと３ | D78: 回想73発生後、対象刀剣男士を一緒に組んで出陣 | E78: =IFERROR(INDEX(char!$A:$A, MATCH(N78, char!$B:$B, 0)), "") -> 144 | F78: =IFERROR(INDEX(char!$A:$A, MATCH(O78, char!$B:$B, 0)), "") -> 160 | G78: =IFERROR(INDEX(char!$A:$A, MATCH(P78, char!$B:$B, 0)), "") -> 172 | H78: =IFERROR(INDEX(char!$A:$A, MATCH(Q78, char!$B:$B, 0)), "") -> 178 | I78: =IFERROR(INDEX(char!$A:$A, MATCH(R78, char!$B:$B, 0)), "") | J78: =IFERROR(INDEX(char!$A:$A, MATCH(S78, char!$B:$B, 0)), "") | N78: 篭手切江 | O78: 豊前江 | P78: 桑名江 | Q78: 松井江
A79: 78 | B79: 一文字一家の長 | E79: =IFERROR(INDEX(char!$A:$A, MATCH(N79, char!$B:$B, 0)), "") -> 154 | F79: =IFERROR(INDEX(char!$A:$A, MATCH(O79, char!$B:$B, 0)), "") -> 180 | G79: =IFERROR(INDEX(char!$A:$A, MATCH(P79, char!$B:$B, 0)), "") | H79: =IFERROR(INDEX(char!$A:$A, MATCH(Q79, char!$B:$B, 0)), "") | I79: =IFERROR(INDEX(char!$A:$A, MATCH(R79, char!$B:$B, 0)), "") | J79: =IFERROR(INDEX(char!$A:$A, MATCH(S79, char!$B:$B, 0)), "") | N79: 南泉一文字 | O79: 山鳥毛
A80: 79 | B80: 予想外の再開 | E80: =IFERROR(INDEX(char!$A:$A, MATCH(N80, char!$B:$B, 0)), "") -> 148 | F80: =IFERROR(INDEX(char!$A:$A, MATCH(O80, char!$B:$B, 0)), "") -> 180 | G80: =IFERROR(INDEX(char!$A:$A, MATCH(P80, char!$B:$B, 0)), "") | H80: =IFERROR(INDEX(char!$A:$A, MATCH(Q80, char!$B:$B, 0)), "") | I80: =IFERROR(INDEX(char!$A:$A, MATCH(R80, char!$B:$B, 0)), "") | J80: =IFERROR(INDEX(char!$A:$A, MATCH(S80, char!$B:$B, 0)), "") | N80: 小豆長光 | O80: 山鳥毛
A81: 80 | B81: 見ることのなかった世界 | E81: =IFERROR(INDEX(char!$A:$A, MATCH(N81, char!$B:$B, 0)), "") -> 41 | F81: =IFERROR(INDEX(char!$A:$A, MATCH(O81, char!$B:$B, 0)), "") -> 13 | G81: =IFERROR(INDEX(char!$A:$A, MATCH(P81, char!$B:$B, 0)), "") | H81: =IFERROR(INDEX(char!$A:$A, MATCH(Q81, char!$B:$B, 0)), "") | I81: =IFERROR(INDEX(char!$A:$A, MATCH(R81, char!$B:$B, 0)), "") | J81: =IFERROR(INDEX(char!$A:$A, MATCH(S81, char!$B:$B, 0)), "") | N81: 秋田藤四郎 | O81: 大典太光世
A82: 81 | B82: 秀吉と信長の話 | C82: 3-4 | E82: =IFERROR(INDEX(char!$A:$A, MATCH(N82, char!$B:$B, 0)), "") -> 21 | F82: =IFERROR(INDEX(char!$A:$A, MATCH(O82, char!$B:$B, 0)), "") -> 49 | G82: =IFERROR(INDEX(char!$A:$A, MATCH(P82, char!$B:$B, 0)), "") | H82: =IFERROR(INDEX(char!$A:$A, MATCH(Q82, char!$B:$B, 0)), "") | I82: =IFERROR(INDEX(char!$A:$A, MATCH(R82, char!$B:$B, 0)), "") | J82: =IFERROR(INDEX(char!$A:$A, MATCH(S82, char!$B:$B, 0)), "") | N82: 鬼丸国綱 | O82: 薬研藤四郎
A83: 82 | B83: 粟田口の | C83: 8-1 | E83: =IFERROR(INDEX(char!$A:$A, MATCH(N83, char!$B:$B, 0)), "") -> 21 | F83: =IFERROR(INDEX(char!$A:$A, MATCH(O83, char!$B:$B, 0)), "") -> 45 | G83: =IFERROR(INDEX(char!$A:$A, MATCH(P83, char!$B:$B, 0)), "") | H83: =IFERROR(INDEX(char!$A:$A, MATCH(Q83, char!$B:$B, 0)), "") | I83: =IFERROR(INDEX(char!$A:$A, MATCH(R83, char!$B:$B, 0)), "") | J83: =IFERROR(INDEX(char!$A:$A, MATCH(S83, char!$B:$B, 0)), "") | N83: 鬼丸国綱 | O83: 乱藤四郎
A84: 83 | B84: 鬼丸と鬼切 | C84: 5-1 | E84: =IFERROR(INDEX(char!$A:$A, MATCH(N84, char!$B:$B, 0)), "") -> 21 | F84: =IFERROR(INDEX(char!$A:$A, MATCH(O84, char!$B:$B, 0)), "") -> 107 | G84: =IFERROR(INDEX(char!$A:$A, MATCH(P84, char!$B:$B, 0)), "") | H84: =IFERROR(INDEX(char!$A:$A, MATCH(Q84, char!$B:$B, 0)), "") | I84: =IFERROR(INDEX(char!$A:$A, MATCH(R84, char!$B:$B, 0)), "") | J84: =IFERROR(INDEX(char!$A:$A, MATCH(S84, char!$B:$B, 0)), "") | N84: 鬼丸国綱 | O84: 髭切
A85: 84 | B85: 天下五剣がまた一つ | C85: 4-4 | E85: =IFERROR(INDEX(char!$A:$A, MATCH(N85, char!$B:$B, 0)), "") -> 3 | F85: =IFERROR(INDEX(char!$A:$A, MATCH(O85, char!$B:$B, 0)), "") -> 21 | G85: =IFERROR(INDEX(char!$A:$A, MATCH(P85, char!$B:$B, 0)), "") | H85: =IFERROR(INDEX(char!$A:$A, MATCH(Q85, char!$B:$B, 0)), "") | I85: =IFERROR(INDEX(char!$A:$A, MATCH(R85, char!$B:$B, 0)), "") | J85: =IFERROR(INDEX(char!$A:$A, MATCH(S85, char!$B:$B, 0)), "") | N85: 三日月宗近 | O85: 鬼丸国綱
A86: 85 | B86: 天下五剣が集うとき | E86: =IFERROR(INDEX(char!$A:$A, MATCH(N86, char!$B:$B, 0)), "") -> 17 | F86: =IFERROR(INDEX(char!$A:$A, MATCH(O86, char!$B:$B, 0)), "") -> 21 | G86: =IFERROR(INDEX(char!$A:$A, MATCH(P86, char!$B:$B, 0)), "") | H86: =IFERROR(INDEX(char!$A:$A, MATCH(Q86, char!$B:$B, 0)), "") | I86: =IFERROR(INDEX(char!$A:$A, MATCH(R86, char!$B:$B, 0)), "") | J86: =IFERROR(INDEX(char!$A:$A, MATCH(S86, char!$B:$B, 0)), "") | N86: 数珠丸恒次 | O86: 鬼丸国綱
A87: 86 | B87: 妖物斬りの陰気 | C87: 4-4 | E87: =IFERROR(INDEX(char!$A:$A, MATCH(N87, char!$B:$B, 0)), "") -> 13 | F87: =IFERROR(INDEX(char!$A:$A, MATCH(O87, char!$B:$B, 0)), "") -> 21 | G87: =IFERROR(INDEX(char!$A:$A, MATCH(P87, char!$B:$B, 0)), "") | H87: =IFERROR(INDEX(char!$A:$A, MATCH(Q87, char!$B:$B, 0)), "") | I87: =IFERROR(INDEX(char!$A:$A, MATCH(R87, char!$B:$B, 0)), "") | J87: =IFERROR(INDEX(char!$A:$A, MATCH(S87, char!$B:$B, 0)), "") | N87: 大典太光世 | O87: 鬼丸国綱
A88: 87 | B88: 妖物斬りの陽気 | C88: 4-4 | D88: 回想86発生後、対象刀剣男士を一緒に組んで出陣 | E88: =IFERROR(INDEX(char!$A:$A, MATCH(N88, char!$B:$B, 0)), "") -> 13 | F88: =IFERROR(INDEX(char!$A:$A, MATCH(O88, char!$B:$B, 0)), "") -> 21 | G88: =IFERROR(INDEX(char!$A:$A, MATCH(P88, char!$B:$B, 0)), "") | H88: =IFERROR(INDEX(char!$A:$A, MATCH(Q88, char!$B:$B, 0)), "") | I88: =IFERROR(INDEX(char!$A:$A, MATCH(R88, char!$B:$B, 0)), "") | J88: =IFERROR(INDEX(char!$A:$A, MATCH(S88, char!$B:$B, 0)), "") | N88: 大典太光世 | O88: 鬼丸国綱
A89: 88 | B89: 妖物斬りの酒気 | C89: 4-4 | D89: 回想87発生後、帰城時に発生 | E89: =IFERROR(INDEX(char!$A:$A, MATCH(N89, char!$B:$B, 0)), "") -> 13 | F89: =IFERROR(INDEX(char!$A:$A, MATCH(O89, char!$B:$B, 0)), "") -> 21 | G89: =IFERROR(INDEX(char!$A:$A, MATCH(P89, char!$B:$B, 0)), "") | H89: =IFERROR(INDEX(char!$A:$A, MATCH(Q89, char!$B:$B, 0)), "") | I89: =IFERROR(INDEX(char!$A:$A, MATCH(R89, char!$B:$B, 0)), "") | J89: =IFERROR(INDEX(char!$A:$A, MATCH(S89, char!$B:$B, 0)), "") | N89: 大典太光世 | O89: 鬼丸国綱
A90: 89 | B90: いくさのあと | C90: 5-1 | E90: =IFERROR(INDEX(char!$A:$A, MATCH(N90, char!$B:$B, 0)), "") -> 182 | F90: =IFERROR(INDEX(char!$A:$A, MATCH(O90, char!$B:$B, 0)), "") -> 184 | G90: =IFERROR(INDEX(char!$A:$A, MATCH(P90, char!$B:$B, 0)), "") | H90: =IFERROR(INDEX(char!$A:$A, MATCH(Q90, char!$B:$B, 0)), "") | I90: =IFERROR(INDEX(char!$A:$A, MATCH(R90, char!$B:$B, 0)), "") | J90: =IFERROR(INDEX(char!$A:$A, MATCH(S90, char!$B:$B, 0)), "") | N90: 古今伝授の太刀 | O90: 地藏行平
A91: 90 | B91: 本丸という歌集 | C91: 2-4 | E91: =IFERROR(INDEX(char!$A:$A, MATCH(N91, char!$B:$B, 0)), "") -> 89 | F91: =IFERROR(INDEX(char!$A:$A, MATCH(O91, char!$B:$B, 0)), "") -> 182 | G91: =IFERROR(INDEX(char!$A:$A, MATCH(P91, char!$B:$B, 0)), "") | H91: =IFERROR(INDEX(char!$A:$A, MATCH(Q91, char!$B:$B, 0)), "") | I91: =IFERROR(INDEX(char!$A:$A, MATCH(R91, char!$B:$B, 0)), "") | J91: =IFERROR(INDEX(char!$A:$A, MATCH(S91, char!$B:$B, 0)), "") | N91: 歌仙兼定 | O91: 古今伝授の太刀
A92: 91 | B92: 僧と地藏 | E92: =IFERROR(INDEX(char!$A:$A, MATCH(N92, char!$B:$B, 0)), "") -> 79 | F92: =IFERROR(INDEX(char!$A:$A, MATCH(O92, char!$B:$B, 0)), "") -> 184 | G92: =IFERROR(INDEX(char!$A:$A, MATCH(P92, char!$B:$B, 0)), "") | H92: =IFERROR(INDEX(char!$A:$A, MATCH(Q92, char!$B:$B, 0)), "") | I92: =IFERROR(INDEX(char!$A:$A, MATCH(R92, char!$B:$B, 0)), "") | J92: =IFERROR(INDEX(char!$A:$A, MATCH(S92, char!$B:$B, 0)), "") | N92: 江雪左文字 | O92: 地藏行平
A93: 92 | B93: 揃いし沖縄の宝剣 | E93: =IFERROR(INDEX(char!$A:$A, MATCH(N93, char!$B:$B, 0)), "") -> 156 | F93: =IFERROR(INDEX(char!$A:$A, MATCH(O93, char!$B:$B, 0)), "") -> 170 | G93: =IFERROR(INDEX(char!$A:$A, MATCH(P93, char!$B:$B, 0)), "") -> 186 | H93: =IFERROR(INDEX(char!$A:$A, MATCH(Q93, char!$B:$B, 0)), "") | I93: =IFERROR(INDEX(char!$A:$A, MATCH(R93, char!$B:$B, 0)), "") | J93: =IFERROR(INDEX(char!$A:$A, MATCH(S93, char!$B:$B, 0)), "") | N93: 千代金丸 | O93: 北谷菜切 | P93: 治金丸
A94: 93 | B94: 兄の影として 花 | E94: =IFERROR(INDEX(char!$A:$A, MATCH(N94, char!$B:$B, 0)), "") -> 186 | F94: =IFERROR(INDEX(char!$A:$A, MATCH(O94, char!$B:$B, 0)), "") -> 170 | G94: =IFERROR(INDEX(char!$A:$A, MATCH(P94, char!$B:$B, 0)), "") | H94: =IFERROR(INDEX(char!$A:$A, MATCH(Q94, char!$B:$B, 0)), "") | I94: =IFERROR(INDEX(char!$A:$A, MATCH(R94, char!$B:$B, 0)), "") | J94: =IFERROR(INDEX(char!$A:$A, MATCH(S94, char!$B:$B, 0)), "") | N94: 治金丸 | O94: 北谷菜切
A95: 94 | B95: 兄の影として 波 | E95: =IFERROR(INDEX(char!$A:$A, MATCH(N95, char!$B:$B, 0)), "") -> 156 | F95: =IFERROR(INDEX(char!$A:$A, MATCH(O95, char!$B:$B, 0)), "") -> 186 | G95: =IFERROR(INDEX(char!$A:$A, MATCH(P95, char!$B:$B, 0)), "") | H95: =IFERROR(INDEX(char!$A:$A, MATCH(Q95, char!$B:$B, 0)), "") | I95: =IFERROR(INDEX(char!$A:$A, MATCH(R95, char!$B:$B, 0)), "") | J95: =IFERROR(INDEX(char!$A:$A, MATCH(S95, char!$B:$B, 0)), "") | N95: 千代金丸 | O95: 治金丸
A96: 95 | B96: 翼顕現 桜 | E96: =IFERROR(INDEX(char!$A:$A, MATCH(N96, char!$B:$B, 0)), "") -> 180 | F96: =IFERROR(INDEX(char!$A:$A, MATCH(O96, char!$B:$B, 0)), "") -> 188 | G96: =IFERROR(INDEX(char!$A:$A, MATCH(P96, char!$B:$B, 0)), "") | H96: =IFERROR(INDEX(char!$A:$A, MATCH(Q96, char!$B:$B, 0)), "") | I96: =IFERROR(INDEX(char!$A:$A, MATCH(R96, char!$B:$B, 0)), "") | J96: =IFERROR(INDEX(char!$A:$A, MATCH(S96, char!$B:$B, 0)), "") | N96: 山鳥毛 | O96: 日光一文字
A97: 96 | B97: 一文字一家の躾 | D97: 回想78発生後、対象刀剣男士を一緒に組んで出陣 | E97: =IFERROR(INDEX(char!$A:$A, MATCH(N97, char!$B:$B, 0)), "") -> 154 | F97: =IFERROR(INDEX(char!$A:$A, MATCH(O97, char!$B:$B, 0)), "") -> 188 | G97: =IFERROR(INDEX(char!$A:$A, MATCH(P97, char!$B:$B, 0)), "") | H97: =IFERROR(INDEX(char!$A:$A, MATCH(Q97, char!$B:$B, 0)), "") | I97: =IFERROR(INDEX(char!$A:$A, MATCH(R97, char!$B:$B, 0)), "") | J97: =IFERROR(INDEX(char!$A:$A, MATCH(S97, char!$B:$B, 0)), "") | N97: 南泉一文字 | O97: 日光一文字
A98: 97 | B98: 黒田家の弟分 | D98: 回想21発生後、対象刀剣男士を一緒に組んで出陣 | E98: =IFERROR(INDEX(char!$A:$A, MATCH(N98, char!$B:$B, 0)), "") -> 136 | F98: =IFERROR(INDEX(char!$A:$A, MATCH(O98, char!$B:$B, 0)), "") -> 188 | G98: =IFERROR(INDEX(char!$A:$A, MATCH(P98, char!$B:$B, 0)), "") | H98: =IFERROR(INDEX(char!$A:$A, MATCH(Q98, char!$B:$B, 0)), "") | I98: =IFERROR(INDEX(char!$A:$A, MATCH(R98, char!$B:$B, 0)), "") | J98: =IFERROR(INDEX(char!$A:$A, MATCH(S98, char!$B:$B, 0)), "") | N98: 日本号 | O98: 日光一文字
A99: 98 | B99: 雪睦み | C99: 3-1 | E99: =IFERROR(INDEX(char!$A:$A, MATCH(N99, char!$B:$B, 0)), "") -> 79 | F99: =IFERROR(INDEX(char!$A:$A, MATCH(O99, char!$B:$B, 0)), "") -> 190 | G99: =IFERROR(INDEX(char!$A:$A, MATCH(P99, char!$B:$B, 0)), "") | H99: =IFERROR(INDEX(char!$A:$A, MATCH(Q99, char!$B:$B, 0)), "") | I99: =IFERROR(INDEX(char!$A:$A, MATCH(R99, char!$B:$B, 0)), "") | J99: =IFERROR(INDEX(char!$A:$A, MATCH(S99, char!$B:$B, 0)), "") | N99: 江雪左文字 | O99: 太閤左文字
A100: 99 | B100: 花綻ぶ | C100: 3-4 | D100: 回想7発生後、対象刀剣男士を一緒に組んで出陣 | E100: =IFERROR(INDEX(char!$A:$A, MATCH(N100, char!$B:$B, 0)), "") -> 81 | F100: =IFERROR(INDEX(char!$A:$A, MATCH(O100, char!$B:$B, 0)), "") -> 190 | G100: =IFERROR(INDEX(char!$A:$A, MATCH(P100, char!$B:$B, 0)), "") | H100: =IFERROR(INDEX(char!$A:$A, MATCH(Q100, char!$B:$B, 0)), "") | I100: =IFERROR(INDEX(char!$A:$A, MATCH(R100, char!$B:$B, 0)), "") | J100: =IFERROR(INDEX(char!$A:$A, MATCH(S100, char!$B:$B, 0)), "") | N100: 宗三左文字 | O100: 太閤左文字
...

Sheet area
A1: area | B1: name | C1: normalExp | D1: bossExp | E1: mokutan | F1: tamahagane | G1: reikyakuzai | H1: toishi | I1: iraihuda | J1: time | K1: field | L1: weather
A2: 1-1 | B2: 函館 | C2: 30 | D2: 90 | J2: 昼 | K2: 野戦 | L2: 晴
A3: 1-2 | B3: 会津 | C3: 50 | D3: 150 | E3: 10 | J3: 昼 | K3: 野戦 | L3: 晴
A4: 1-3 | B4: 宇都宮 | C4: 80 | D4: 240 | H4: 10 | J4: 昼 | K4: 野戦 | L4: 晴
A5: 1-4 | B5: 鳥羽 | C5: 100 | D5: 300 | E5: 15 | G5: 10 | J5: 昼 | K5: 野戦 | L5: 晴
A6: 2-1 | B6: 鳥羽 | C6: 120 | D6: 360 | F6: 15 | H6: 15 | J6: 昼 | K6: 野戦 | L6: 晴
A7: 2-2 | B7: 江戸 | C7: 140 | D7: 420 | E7: 30 | J7: 昼 | K7: 野戦 | L7: 晴
A8: 2-3 | B8: 江戸（元禄） | C8: 170 | D8: 510 | G8: 30 | J8: 昼 | K8: 野戦 | L8: 晴
A9: 2-4 | B9: 大阪（大阪冬の陣） | C9: 200 | D9: 600 | I9: 〇 | J9: 昼 | K9: 野戦 | L9: 晴
A10: 3-1 | B10: 関ヶ原 | C10: 230 | D10: 690 | H10: 20 | J10: 昼 | K10: 野戦 | L10: 晴
A11: 3-2 | B11: 本能寺 | C11: 250 | D11: 750 | F11: 30 | I11: 〇 | J11: 昼 | K11: 野戦 | L11: 晴
A12: 3-3 | B12: 越前 | C12: 280 | D12: 840 | E12: 50 | F12: 50 | J12: 昼 | K12: 野戦 | L12: 晴
A13: 3-4 | B13: 安土 | C13: 320 | D13: 960 | H13: 40 | I13: 〇 | J13: 昼 | K13: 野戦 | L13: 晴
A14: 4-1 | B14: 長篠 | C14: 360 | D14: 1080 | G14: 40 | I14: 〇 | J14: 昼 | K14: 野戦 | L14: 晴
A15: 4-2 | B15: 三方ヶ原 | C15: 390 | D15: 1170 | H15: 60 | J15: 昼 | K15: 野戦 | L15: 晴
A16: 4-3 | B16: 桶狭間 | C16: 400 | D16: 1200 | E16: 65 | F16: 65 | G16: 65 | J16: 昼 | K16: 野戦 | L16: 晴
A17: 4-4 | B17: 京都（西陣） | C17: 420 | D17: 1260 | G17: 65 | I17: 〇 | J17: 昼 | K17: 野戦 | L17: 晴
A18: 5-1 | B18: 鎌倉（元弘の乱） | C18: 440 | D18: 1320 | E18: 60 | J18: 昼 | K18: 野戦 | L18: 晴
A19: 5-2 | B19: 博多湾（元寇） | C19: 460 | D19: 1380 | E19: 70 | F19: 60 | G19: 85 | J19: 昼 | K19: 野戦 | L19: 晴
A20: 5-3 | B20: 墨俣（承久の乱） | C20: 480 | D20: 1440 | F20: 90 | H20: 90 | J20: 昼 | K20: 野戦 | L20: 晴
A21: 5-4 | B21: 厚樫山（阿津賀志山の戦い） | C21: 500 | D21: 1500 | E21: 80 | G21: 90 | J21: 昼 | K21: 野戦 | L21: 晴
A22: 6-1 | B22: 京都（市中） | C22: 510 | D22: 1600 | G22: 80 | H22: 70 | J22: 夜 | K22: 市街 | L22: 晴
A23: 6-2 | B23: 京都（三条大橋） | C23: 520,250,550,580 | D23: 1620 | F23: 80 | G23: 70 | J23: 夜 | K23: 市街 | L23: 晴
A24: 6-3 | B24: 京都（池田屋二階） | C24: 530,270,560,590,620 | D24: 1640 | E24: 40 | F24: 10 | I24: 〇 | J24: 夜 | K24: 屋内 | L24: 晴
A25: 6-4 | B25: 京都（池田屋一階） | C25: 220,190 | D25: 1880 | E25: 80 | H25: 70 | J25: 夜(ボス昼) | K25: 屋内(ボス市街) | L25: 晴
A26: 7-1 | B26: 江戸（新橋） | C26: 300,400,1000 | D26: 3000 | E26: 140 | F26: 100 | G26: 100 | I26: 〇 | J26: 昼 | K26: 市街 | L26: 晴
A27: 7-2 | B27: 江戸（白金台） | C27: 200,300,400,550,1000 | D27: 3000 | E27: 100 | F27: 100 | G27: 100 | H27: 100 | I27: 〇 | J27: 昼 | K27: 市街 | L27: 雨
A28: 7-3 | B28: 江戸（江戸城下） | C28: 500,600,1000,1500 | D28: 3000 | E28: 70 | F28: 70 | G28: 70 | H28: 70 | J28: 昼 | K28: 市街 | L28: 晴
A29: 7-4 | B29: 江戸（江戸城内） | C29: 400/800/1200 | D29: 2000/4000/6000 | J29: 夜 | K29: 屋内 | L29: 晴
A30: 8-1 | B30: 京都（阿弥陀ヶ峰） | C30: 750,800 | D30: 3500 | E30: 120 | F30: 120 | G30: 120 | H30: 120 | I30: 〇 | J30: 昼 | K30: 野戦 | L30: 晴
A31: 8-2 | B31: 信濃（上田城） | C31: 800,850,1000 | D31: 4000 | E31: 125 | F31: 125 | G31: 125 | H31: 125 | I31: 〇 | J31: 昼 | K31: 野戦 | L31: 晴
A32: 8-3 | B32: 美濃（青野原） | C32: 850,900 | D32: 4500 | E32: 130 | F32: 130 | G32: 130 | H32: 130 | I32: 〇 | J32: 昼 | K32: 野戦 | L32: 霧雨
A33: 8-4 | B33: 京都（五条） | C33: 900,950 | D33: 5000 | E33: 135 | F33: 135 | G33: 135 | H33: 135 | I33: 〇 | J33: 昼 | K33: 市街/野戦(ボス) | L33: 晴

Sheet drop
A1: area | B1: node_type | C1: id
A2: 1-1 | B2: N | C2: =IFERROR(INDEX(char!$A:$A, MATCH(E2, char!$B:$B, 0)), "未登録") -> 39 | E2: 前田藤四郎
A3: 1-1 | B3: N | C3: =IFERROR(INDEX(char!$A:$A, MATCH(E3, char!$B:$B, 0)), "未登録") -> 41 | E3: 秋田藤四郎
A4: 1-1 | B4: N | C4: =IFERROR(INDEX(char!$A:$A, MATCH(E4, char!$B:$B, 0)), "未登録") -> 45 | E4: 乱藤四郎
A5: 1-1 | B5: N | C5: =IFERROR(INDEX(char!$A:$A, MATCH(E5, char!$B:$B, 0)), "未登録") -> 47 | E5: 五虎退
A6: 1-1 | B6: N | C6: =IFERROR(INDEX(char!$A:$A, MATCH(E6, char!$B:$B, 0)), "未登録") -> 49 | E6: 薬研藤四郎
A7: 1-1 | B7: N | C7: =IFERROR(INDEX(char!$A:$A, MATCH(E7, char!$B:$B, 0)), "未登録") -> 61 | E7: 愛染国俊
A8: 1-1 | B8: N | C8: =IFERROR(INDEX(char!$A:$A, MATCH(E8, char!$B:$B, 0)), "未登録") -> 83 | E8: 小夜左文字
A9: 1-1 | B9: B | C9: =IFERROR(INDEX(char!$A:$A, MATCH(E9, char!$B:$B, 0)), "未登録") -> 39 | E9: 前田藤四郎
A10: 1-1 | B10: B | C10: =IFERROR(INDEX(char!$A:$A, MATCH(E10, char!$B:$B, 0)), "未登録") -> 41 | E10: 秋田藤四郎
A11: 1-1 | B11: B | C11: =IFERROR(INDEX(char!$A:$A, MATCH(E11, char!$B:$B, 0)), "未登録") -> 45 | E11: 乱藤四郎
A12: 1-1 | B12: B | C12: =IFERROR(INDEX(char!$A:$A, MATCH(E12, char!$B:$B, 0)), "未登録") -> 47 | E12: 五虎退
A13: 1-1 | B13: B | C13: =IFERROR(INDEX(char!$A:$A, MATCH(E13, char!$B:$B, 0)), "未登録") -> 49 | E13: 薬研藤四郎
... A1663: 8-4 | B1663: B | C1663: =IFERROR(INDEX(char!$A:$A, MATCH(E1663, char!$B:$B, 0)), "未登録") -> 152 | E1663: 静形薙刀
A1664: 検非違使 | C1664: =IFERROR(INDEX(char!$A:$A, MATCH(E1664, char!$B:$B, 0)), "未登録") -> 11 | E1664: 今剣
A1665: 検非違使 | C1665: =IFERROR(INDEX(char!$A:$A, MATCH(E1665, char!$B:$B, 0)), "未登録") -> 33 | E1665: 厚藤四郎
A1666: 検非違使 | C1666: =IFERROR(INDEX(char!$A:$A, MATCH(E1666, char!$B:$B, 0)), "未登録") -> 35 | E1666: 後藤藤四郎
A1667: 検非違使 | C1667: =IFERROR(INDEX(char!$A:$A, MATCH(E1667, char!$B:$B, 0)), "未登録") -> 37 | E1667: 信濃藤四郎
A1668: 検非違使 | C1668: =IFERROR(INDEX(char!$A:$A, MATCH(E1668, char!$B:$B, 0)), "未登録") -> 142 | E1668: 毛利藤四郎
A1669: 検非違使 | C1669: =IFERROR(INDEX(char!$A:$A, MATCH(E1669, char!$B:$B, 0)), "未登録") -> 19 | E1669: にっかり青江
A1670: 検非違使 | C1670: =IFERROR(INDEX(char!$A:$A, MATCH(E1670, char!$B:$B, 0)), "未登録") -> 27 | E1670: 鯰尾藤四郎
A1671: 検非違使 | C1671: =IFERROR(INDEX(char!$A:$A, MATCH(E1671, char!$B:$B, 0)), "未登録") -> 29 | E1671: 骨喰藤四郎
A1672: 検非違使 | C1672: =IFERROR(INDEX(char!$A:$A, MATCH(E1672, char!$B:$B, 0)), "未登録") -> 99 | E1672: 堀川国広
A1673: 検非違使 | C1673: =IFERROR(INDEX(char!$A:$A, MATCH(E1673, char!$B:$B, 0)), "未登録") -> 196 | E1673: 泛塵
A1674: 検非違使 | C1674: =IFERROR(INDEX(char!$A:$A, MATCH(E1674, char!$B:$B, 0)), "未登録") -> 23 | E1674: 鳴狐
A1675: 検非違使 | C1675: =IFERROR(INDEX(char!$A:$A, MATCH(E1675, char!$B:$B, 0)), "未登録") -> 63 | E1675: 千子村正
... A1796: 鍛刀 | C1796: =IFERROR(INDEX(char!$A:$A, MATCH(E1796, char!$B:$B, 0)), "未登録") -> 152 | E1796: 静形薙刀
